EUM,TIPO,SUBTIPO,CUENCA,REGIÓN,PROVINCIA,DISTRITO,Latitud,Longitud,CÓDIGO DERECHO MINERO,NOMBRE DERECHO MINERO,NOMBRE TITULAR,GENERADOR,RESPONSABLE,ESTUDIO AMBIENTAL,Puntaje,Riesgo
SAN CRISTOBAL 1,RESIDUO MINERO,DESMONTE DE MINA,URUBAMBA,CUSCO,ANTA,ZURITE,-13.43336119,-72.26115279,010079804;010458195;010338293,DON LUCHO C;EL INTI 1;HUAYONAY 2,"ROSAS VILLANUEVA, CARLOS PERCI; COMPAÑIA MINERA EL SOL S.A.;BELAUNDE AUBRY, RAFAEL LUIS",NO IDENTIFICADO,---,---,31,2
SAN CRISTOBAL 1,LABOR MINERA,BOCAMINA,URUBAMBA,CUSCO,ANTA,ZURITE,-13.43271099,-72.26116940,010079804;010338293; 010458195,DON LUCHO C;HUAYONAY 2; EL INTI 1,"ROSAS VILLANUEVA, CARLOS PERCI; BELAUNDE AUBRY, RAFAEL LUIS; COMPAÑÍA MINERA EL SOL S.A.",NO IDENTIFICADO,---,---,25,1
SAN CRISTOBAL 1,LABOR MINERA,BOCAMINA,URUBAMBA,CUSCO,ANTA,ZURITE,-13.43350049,-72.26150189,010079804;010338293; 010458195,DON LUCHO C;HUAYONAY 2; EL INTI 1,"ROSAS VILLANUEVA, CARLOS PERCI; BELAUNDE AUBRY, RAFAEL LUIS; COMPAÑÍA MINERA EL SOL S.A.",NO IDENTIFICADO,---,---,29,2
SAN CRISTOBAL 1,RESIDUO MINERO,DESMONTE DE MINA,URUBAMBA,CUSCO,ANTA,ZURITE,-13.43382434,-72.26137824,010079804;010338293; 010458195,DON LUCHO C;HUAYONAY 2; EL INTI 1,"ROSAS VILLANUEVA, CARLOS PERCI; BELAUNDE AUBRY, RAFAEL LUIS; COMPAÑÍA MINERA EL SOL S.A.",NO IDENTIFICADO,---,---,24,1
SAN CRISTOBAL 1,LABOR MINERA,BOCAMINA,URUBAMBA,CUSCO,ANTA,ZURITE,-13.43328974,-72.26122743,010079804;010338293; 010458195,DON LUCHO C;HUAYONAY 2; EL INTI 1,"ROSAS VILLANUEVA, CARLOS PERCI; BELAUNDE AUBRY, RAFAEL LUIS; COMPAÑÍA MINERA EL SOL S.A.",NO IDENTIFICADO,---,---,35,2
SAN CRISTOBAL 1,RESIDUO MINERO,DESMONTE DE MINA,URUBAMBA,CUSCO,ANTA,ZURITE,-13.43294472,-72.26106524,010079804;010338293; 010458195,DON LUCHO C;HUAYONAY 2; EL INTI 1,"ROSAS VILLANUEVA, CARLOS PERCI; BELAUNDE AUBRY, RAFAEL LUIS; COMPAÑÍA MINERA EL SOL S.A.",NO IDENTIFICADO,---,---,22,1
CHOCHEQUEÑA,LABOR MINERA,BOCAMINA,URUBAMBA,CUSCO,CANAS,LANGUI,-14.38137300,-71.31864433,10312408,MICHAEL TRES,"MELLONI RIGOBELLO, FABIA FRANCESCA",NO IDENTIFICADO,---,---,27,2
CHOCHEQUEÑA,LABOR MINERA,TRINCHERA,URUBAMBA,CUSCO,CANAS,LANGUI,-14.38295368,-71.31777082,10312408,MICHAEL TRES,"MELLONI RIGOBELLO, FABIA FRANCESCA",NO IDENTIFICADO,---,---,22,1
CHOCHEQUEÑA,LABOR MINERA,TRINCHERA,URUBAMBA,CUSCO,CANAS,LANGUI,-14.38073524,-71.31918461,10312408,MICHAEL TRES,"MELLONI RIGOBELLO, FABIA FRANCESCA",NO IDENTIFICADO,---,---,25,1
CHOCHEQUEÑA,RESIDUO MINERO,DESMONTE DE MINA,URUBAMBA,CUSCO,CANAS,LANGUI,-14.38012776,-71.31940079,10312408,MICHAEL TRES,"MELLONI RIGOBELLO, FABIA FRANCESCA",NO IDENTIFICADO,---,---,20,1
CHOCHEQUEÑA,LABOR MINERA,BOCAMINA,URUBAMBA,CUSCO,CANAS,LANGUI,-14.37986432,-71.31954637,10312408,MICHAEL TRES,"MELLONI RIGOBELLO, FABIA FRANCESCA",NO IDENTIFICADO,---,---,24,1
CHOCHEQUEÑA,RESIDUO MINERO,DESMONTE DE MINA,URUBAMBA,CUSCO,CANAS,LANGUI,-14.37989115,-71.31957446,10312408,MICHAEL TRES,"MELLONI RIGOBELLO, FABIA FRANCESCA",NO IDENTIFICADO,---,---,22,1
CHOCHEQUEÑA,LABOR MINERA,TRINCHERA,URUBAMBA,CUSCO,CANAS,LANGUI,-14.37966402,-71.31970188,10312408,MICHAEL TRES,"MELLONI RIGOBELLO, FABIA FRANCESCA",NO IDENTIFICADO,---,---,24,1
TACLLO,LABOR MINERA,BOCAMINA,URUBAMBA,CUSCO,CANAS,LAYO,-14.47392446,-71.13597468,10605495,ANTIMORO 4,CEMENTOS NORTE PACASMAYO S.A.;CEMENTOS PACASMAYO S.A.A.,NO IDENTIFICADO,---,---,33,2
ANTACCASA,LABOR MINERA,BOCAMINA,URUBAMBA,CUSCO,CANCHIS,MARANGANI,-14.42468077,-71.07795431,580001612;010130596,LA RESCATADA IFA;SOR ESTHER 1,"COMPAÑIA MINERA EL SOL S.A.;FERNANDEZ MORMONTOY, JORGE ARTURO",NO IDENTIFICADO,---,---,31,2
ANTACCASA,LABOR MINERA,BOCAMINA,URUBAMBA,CUSCO,CANCHIS,MARANGANI,-14.42574306,-71.07840922,580001612;010130596,LA RESCATADA IFA;SOR ESTHER 1,"COMPAÑIA MINERA EL SOL S.A.;FERNANDEZ MORMONTOY, JORGE ARTURO",NO IDENTIFICADO,---,---,45,3
CANTA CANTA,LABOR MINERA,BOCAMINA,URUBAMBA,CUSCO,CANCHIS,MARANGANI,-14.42200089,-71.05168994,010024803;010825695;010386897;580001612;010182206;010382697;05002929X01,CARMEN OLGA;EL INTI 4;EL SANTISIMO;LA RESCATADA IFA;QUILLCA 1;REBUSCADA AM;REBUSCADA I,"COMPAÑIA MINERA EL SOL S.A.;FERNANDEZ MORMONTOY, JORGE ARTURO;GOYZUETA GIORDANO, CARMEN ANGELICA;LOPEZ NUÑEZ, MANUEL JESUS;MALDONADO GALLARDO, ARTURO FAUSTO;MATOS AVALOS, CARMEN ROSALIA;MATOS AVALOS, SOSIMO ERACLIO;MINERA PEÑOLES DE PERU S.A.",NO IDENTIFICADO,---,---,31,2
CARACCOTO,LABOR MINERA,BOCAMINA,URUBAMBA,CUSCO,CANCHIS,MARANGANI,-14.34197946,-71.22818640,010074207;010920595,GISISUS;LLACTAVIRI,"CANEPA IANNACONE, CESAR FELIPE;MINERA PEÑOLES DE PERU S.A.",NO IDENTIFICADO,---,---,24,1
PLANTA CONCENTRADORA SULLCA,RESIDUO MINERO,RELAVES,URUBAMBA,CUSCO,CANCHIS,MARANGANI,-14.35116038,-71.19031457,40021307,PARAJE CIELO CCACCA,"ARAPA HALANOCCA, EMILIO",NO IDENTIFICADO,---,---,55,4
CHAKA CHAKA,INFRAESTRUCTURA,"CAMPAMENTOS, OFICINAS, TALLERES",URUBAMBA,CUSCO,CANCHIS,MARANGANI,-14.42754960,-71.03811054,05006187X01;580001110;010138204;010081412;010099110,ANDEREAL-3;MINCORSA W;SICUANI;YAMI 2012;YANARANGRA DOS,"GONZALES SALAS, WILLY ANGEL;MALDONADO GALLARDO, ARTURO FAUSTO;MALDONADO MATOS, CARMEN OLGA ISABEL;MALDONADO MATOS, JESSICA FERNANDA;MINSUR S.A.;PINTO CORDOVA, DIMAS",NO IDENTIFICADO,---,---,25,1
CHAKA CHAKA,RESIDUO MINERO,DESMONTE DE MINA,URUBAMBA,CUSCO,CANCHIS,MARANGANI,-14.42235554,-71.03787785,05006187X01;580001110;010138204;010081412;010099110,ANDEREAL-3;MINCORSA W;SICUANI;YAMI 2012;YANARANGRA DOS,"GONZALES SALAS, WILLY ANGEL;MALDONADO GALLARDO, ARTURO FAUSTO;MALDONADO MATOS, CARMEN OLGA ISABEL;MALDONADO MATOS, JESSICA FERNANDA;MINSUR S.A.;PINTO CORDOVA, DIMAS",NO IDENTIFICADO,---,---,45,3
CHAKA CHAKA,LABOR MINERA,BOCAMINA,URUBAMBA,CUSCO,CANCHIS,MARANGANI,-14.42262039,-71.03755574,05006187X01;580001110;010138204;010081412;010099110,ANDEREAL-3;MINCORSA W;SICUANI;YAMI 2012;YANARANGRA DOS,"GONZALES SALAS, WILLY ANGEL;MALDONADO GALLARDO, ARTURO FAUSTO;MALDONADO MATOS, CARMEN OLGA ISABEL;MALDONADO MATOS, JESSICA FERNANDA;MINSUR S.A.;PINTO CORDOVA, DIMAS",NO IDENTIFICADO,---,---,33,2
PLANTA CONCENTRADORA SULLCA,INFRAESTRUCTURA,PLANTAS DE PROCESAMIENTO,URUBAMBA,CUSCO,CANCHIS,MARANGANI,-14.35159779,-71.19089346,40021307,PARAJE CIELO CCACCA,"ARAPA HALANOCCA, EMILIO",NO IDENTIFICADO,---,---,45,3
PLANTA CONCENTRADORA SULLCA,INFRAESTRUCTURA,GENERADORES Y TRANSFORMADORES ELECTRICOS,URUBAMBA,CUSCO,CANCHIS,MARANGANI,-14.35171670,-71.19073706,40021307,PARAJE CIELO CCACCA,"ARAPA HALANOCCA, EMILIO",NO IDENTIFICADO,---,---,47,3
CARACCOTO,LABOR MINERA,BOCAMINA,URUBAMBA,CUSCO,CANCHIS,MARANGANI,-14.34198849,-71.22818649,010074207;010920595,GISISUS;LLACTAVIRI,"CANEPA IANNACONE, CESAR FELIPE;MINERA PEÑOLES DE PERU S.A.",NO IDENTIFICADO,---,---,39,3
CARACCOTO,LABOR MINERA,BOCAMINA,URUBAMBA,CUSCO,CANCHIS,MARANGANI,-14.34140410,-71.22787488,010074207;010920595,GISISUS;LLACTAVIRI,"CANEPA IANNACONE, CESAR FELIPE;MINERA PEÑOLES DE PERU S.A.",NO IDENTIFICADO,---,---,35,2
CANTA CANTA,LABOR MINERA,BOCAMINA,URUBAMBA,CUSCO,CANCHIS,MARANGANI,-14.42856993,-71.05486557,010825695;580001612;010182206,EL INTI 4;LA RESCATADA IFA;QUILLCA 1,"COMPAÑIA MINERA EL SOL S.A.;FERNANDEZ MORMONTOY, JORGE ARTURO;MINERA PEÑOLES DE PERU S.A.",NO IDENTIFICADO,---,---,53,4
CANTA CANTA,LABOR MINERA,CHIMENEA,URUBAMBA,CUSCO,CANCHIS,MARANGANI,-14.42807474,-71.05465704,010825695;580001612;010182206,EL INTI 4;LA RESCATADA IFA;QUILLCA 1,"COMPAÑIA MINERA EL SOL S.A.;FERNANDEZ MORMONTOY, JORGE ARTURO;MINERA PEÑOLES DE PERU S.A.",NO IDENTIFICADO,---,---,27,2
CANTA CANTA,RESIDUO MINERO,DESMONTE DE MINA,URUBAMBA,CUSCO,CANCHIS,MARANGANI,-14.42794670,-71.05483203,010825695;580001612;010182206,EL INTI 4;LA RESCATADA IFA;QUILLCA 1,"COMPAÑIA MINERA EL SOL S.A.;FERNANDEZ MORMONTOY, JORGE ARTURO;MINERA PEÑOLES DE PERU S.A.",NO IDENTIFICADO,---,---,29,2
CANTA CANTA,RESIDUO MINERO,DESMONTE DE MINA,URUBAMBA,CUSCO,CANCHIS,MARANGANI,-14.42853355,-71.05489305,010825695;580001612;010182206,EL INTI 4;LA RESCATADA IFA;QUILLCA 1,"COMPAÑIA MINERA EL SOL S.A.;FERNANDEZ MORMONTOY, JORGE ARTURO;MINERA PEÑOLES DE PERU S.A.",NO IDENTIFICADO,---,---,31,2
CHAMPACANCHA,LABOR MINERA,BOCAMINA,URUBAMBA,CUSCO,CANCHIS,MARANGANI,-14.41949983,-71.06181972,040008807;010825695;05000227X01;580001612;040009212;050002002;010182206,ALBA DORADA II;EL INTI 4;JESUS NAZARENO SEGUNDO;LA RESCATADA IFA;LA RESCATADA JFM;MILAGROSO 3 DE MAYO;QUILLCA 1,"COMPAÑIA MINERA EL SOL S.A.;FERNANDEZ MORMONTOY, JORGE ARTURO;LOPEZ NUÑEZ, MANUEL JESUS;MINERA PEÑOLES DE PERU S.A.;NAVARRO RAMOS, MAXIMO ROGELIO;PUMA PARICAHUA, LEONIDAS;SUBIA JARA, PABLO ROBERTO;SUBIA ZAMATA, TOMAS",NO IDENTIFICADO,---,---,53,4
CHAMPACANCHA,LABOR MINERA,BOCAMINA,URUBAMBA,CUSCO,CANCHIS,MARANGANI,-14.41850889,-71.06353516,010825695;580001612;040009212;010182206,EL INTI 4;LA RESCATADA IFA;LA RESCATADA JFM;QUILLCA 1,"COMPAÑIA MINERA EL SOL S.A.;FERNANDEZ MORMONTOY, JORGE ARTURO;MINERA PEÑOLES DE PERU S.A.",NO IDENTIFICADO,---,---,29,2
CHAMPACANCHA,RESIDUO MINERO,DESMONTE DE MINA,URUBAMBA,CUSCO,CANCHIS,MARANGANI,-14.41972848,-71.06150658,040008807;010825695;05000227X01;580001612;040009212;050002002;010182206,ALBA DORADA II;EL INTI 4;JESUS NAZARENO SEGUNDO;LA RESCATADA IFA;LA RESCATADA JFM;MILAGROSO 3 DE MAYO;QUILLCA 1,"COMPAÑIA MINERA EL SOL S.A.;FERNANDEZ MORMONTOY, JORGE ARTURO;LOPEZ NUÑEZ, MANUEL JESUS;MINERA PEÑOLES DE PERU S.A.;NAVARRO RAMOS, MAXIMO ROGELIO;PUMA PARICAHUA, LEONIDAS;SUBIA JARA, PABLO ROBERTO;SUBIA ZAMATA, TOMAS",NO IDENTIFICADO,---,---,37,2
CHAMPACANCHA,LABOR MINERA,BOCAMINA,URUBAMBA,CUSCO,CANCHIS,MARANGANI,-14.41544737,-71.05814796,010825695;580001612;580009512;010182206,EL INTI 4;LA RESCATADA IFA;MINA EL TEPEYAC;QUILLCA 1,"COMPAÑIA MINERA EL SOL S.A.;FERNANDEZ MORMONTOY, JORGE ARTURO;GONZALES SALAS, WILLY ANGEL;MINERA PEÑOLES DE PERU S.A.",NO IDENTIFICADO,---,---,29,2
ACCOCUNCA,INFRAESTRUCTURA,"CAMPAMENTOS, OFICINAS, TALLERES",URUBAMBA,CUSCO,CANCHIS,MARANGANI,-14.40929827,-71.05344654,05003861X01;050001501;580001212;580001612;040000612;040009212;010027892;580000612;010182206;010045012;010043012;040000901,JESUS NAZARENO Nº 5;JORGE LUIS;JUAN PIERO I;LA RESCATADA IFA;LA RESCATADA JF;LA RESCATADA JFM;MARIA DE FATIMA;MINA COLQUENE;QUILLCA 1;ROCA ANTIMONIO 2012;ROFI;SAN RAFAEL,"BARRIOS SARMIENTO, MAXIMO ROGER;BARRIOS SARMIENTO, NORCA NORBERTA;FERNANDEZ ABARCA, JORGE LUIS;FERNANDEZ MORMONTOY, JORGE ARTURO;GONZALES SALAS, WILLY ANGEL;LOPEZ NUÑEZ, MANUEL JESUS;MALDONADO GALLARDO, ARTURO FAUSTO;MINERA PEÑOLES DE PERU S.A.;MORMONTOY ZUBELETA, GLORY;PUMA JALLO, RUTH FIORELA;S.M.R.L. SAN RAFAEL;TRIVEÑO PINTO, JAVIER;VARGAS ROJAS, JESSICA ELIZABETH",NO IDENTIFICADO,---,---,27,2
ANTACCASA,RESIDUO MINERO,DESMONTE DE MINA,URUBAMBA,CUSCO,CANCHIS,MARANGANI,-14.42591523,-71.07835519,580001612;010130596,LA RESCATADA IFA;SOR ESTHER 1,"COMPAÑIA MINERA EL SOL S.A.;FERNANDEZ MORMONTOY, JORGE ARTURO",NO IDENTIFICADO,---,---,24,1
ANTACCASA,LABOR MINERA,BOCAMINA,URUBAMBA,CUSCO,CANCHIS,MARANGANI,-14.42345082,-71.07909262,580001612;010130596,LA RESCATADA IFA;SOR ESTHER 1,"COMPAÑIA MINERA EL SOL S.A.;FERNANDEZ MORMONTOY, JORGE ARTURO",NO IDENTIFICADO,---,---,35,2
PLANTA CONCENTRADORA (COBRE INKA),INFRAESTRUCTURA,PLANTAS DE PROCESAMIENTO,URUBAMBA,CUSCO,CANCHIS,MARANGANI,-14.41328978,-71.15808237,010049592;010090201;010036105,COBRE INCA;COBRE INCA AR;CORI RUMI,"BEYTIA PIAZZE, ROSARIO JOSEFINA;MALDONADO GALLARDO, ARTURO FAUSTO;MALDONADO MATOS, JESSICA FERNANDA;MATOS AVALOS, CARMEN ROSALIA;MATOS AVALOS, SOSIMO ERACLIO;PONCE MILOSEVICH, RENE ALBERTO;S.M.R.L. COBRE INCA AR;SOCIEDAD MINERA ANDEREAL S.A.C.",NO IDENTIFICADO,---,---,20,1
PLANTA CONCENTRADORA (COBRE INKA),RESIDUO MINERO,DESMONTE DE MINA,URUBAMBA,CUSCO,CANCHIS,MARANGANI,-14.41328049,-71.15811009,010049592;010090201;010036105,COBRE INCA;COBRE INCA AR;CORI RUMI,"BEYTIA PIAZZE, ROSARIO JOSEFINA;MALDONADO GALLARDO, ARTURO FAUSTO;MALDONADO MATOS, JESSICA FERNANDA;MATOS AVALOS, CARMEN ROSALIA;MATOS AVALOS, SOSIMO ERACLIO;PONCE MILOSEVICH, RENE ALBERTO;S.M.R.L. COBRE INCA AR;SOCIEDAD MINERA ANDEREAL S.A.C.",NO IDENTIFICADO,---,---,27,2
PLANTA CONCENTRADORA (COBRE INKA),RESIDUO MINERO,DESMONTE DE MINA,URUBAMBA,CUSCO,CANCHIS,MARANGANI,-14.41285987,-71.15865303,010049592;010090201;010036105,COBRE INCA;COBRE INCA AR;CORI RUMI,"BEYTIA PIAZZE, ROSARIO JOSEFINA;MALDONADO GALLARDO, ARTURO FAUSTO;MALDONADO MATOS, JESSICA FERNANDA;MATOS AVALOS, CARMEN ROSALIA;MATOS AVALOS, SOSIMO ERACLIO;PONCE MILOSEVICH, RENE ALBERTO;S.M.R.L. COBRE INCA AR;SOCIEDAD MINERA ANDEREAL S.A.C.",NO IDENTIFICADO,---,---,27,2
PLANTA CONCENTRADORA (COBRE INKA),INFRAESTRUCTURA,NO DETERMINADO,URUBAMBA,CUSCO,CANCHIS,MARANGANI,-14.41401001,-71.15738469,010049592;010090201;010036105,COBRE INCA;COBRE INCA AR;CORI RUMI,"BEYTIA PIAZZE, ROSARIO JOSEFINA;MALDONADO GALLARDO, ARTURO FAUSTO;MALDONADO MATOS, JESSICA FERNANDA;MATOS AVALOS, CARMEN ROSALIA;MATOS AVALOS, SOSIMO ERACLIO;PONCE MILOSEVICH, RENE ALBERTO;S.M.R.L. COBRE INCA AR;SOCIEDAD MINERA ANDEREAL S.A.C.",NO IDENTIFICADO,---,---,16,1
PLANTA CONCENTRADORA (COBRE INKA),LABOR MINERA,TAJO,URUBAMBA,CUSCO,CANCHIS,MARANGANI,-14.41224230,-71.15998211,010049592;010090201;010036105,COBRE INCA;COBRE INCA AR;CORI RUMI,"BEYTIA PIAZZE, ROSARIO JOSEFINA;MALDONADO GALLARDO, ARTURO FAUSTO;MALDONADO MATOS, JESSICA FERNANDA;MATOS AVALOS, CARMEN ROSALIA;MATOS AVALOS, SOSIMO ERACLIO;PONCE MILOSEVICH, RENE ALBERTO;S.M.R.L. COBRE INCA AR;SOCIEDAD MINERA ANDEREAL S.A.C.",NO IDENTIFICADO,---,---,24,1
PLANTA CONCENTRADORA (COBRE INKA),LABOR MINERA,CHIMENEA,URUBAMBA,CUSCO,CANCHIS,MARANGANI,-14.41285131,-71.15958933,010049592;010090201;010036105,COBRE INCA;COBRE INCA AR;CORI RUMI,"BEYTIA PIAZZE, ROSARIO JOSEFINA;MALDONADO GALLARDO, ARTURO FAUSTO;MALDONADO MATOS, JESSICA FERNANDA;MATOS AVALOS, CARMEN ROSALIA;MATOS AVALOS, SOSIMO ERACLIO;PONCE MILOSEVICH, RENE ALBERTO;S.M.R.L. COBRE INCA AR;SOCIEDAD MINERA ANDEREAL S.A.C.",NO IDENTIFICADO,---,---,29,2
PLANTA CONCENTRADORA (COBRE INKA),LABOR MINERA,BOCAMINA,URUBAMBA,CUSCO,CANCHIS,MARANGANI,-14.41335223,-71.15915841,010049592;010090201;010036105,COBRE INCA;COBRE INCA AR;CORI RUMI,"BEYTIA PIAZZE, ROSARIO JOSEFINA;MALDONADO GALLARDO, ARTURO FAUSTO;MALDONADO MATOS, JESSICA FERNANDA;MATOS AVALOS, CARMEN ROSALIA;MATOS AVALOS, SOSIMO ERACLIO;PONCE MILOSEVICH, RENE ALBERTO;S.M.R.L. COBRE INCA AR;SOCIEDAD MINERA ANDEREAL S.A.C.",NO IDENTIFICADO,---,---,25,1
PLANTA CONCENTRADORA (COBRE INKA),LABOR MINERA,TAJO,URUBAMBA,CUSCO,CANCHIS,MARANGANI,-14.41321865,-71.15894389,010049592;010090201;010036105,COBRE INCA;COBRE INCA AR;CORI RUMI,"BEYTIA PIAZZE, ROSARIO JOSEFINA;MALDONADO GALLARDO, ARTURO FAUSTO;MALDONADO MATOS, JESSICA FERNANDA;MATOS AVALOS, CARMEN ROSALIA;MATOS AVALOS, SOSIMO ERACLIO;PONCE MILOSEVICH, RENE ALBERTO;S.M.R.L. COBRE INCA AR;SOCIEDAD MINERA ANDEREAL S.A.C.",NO IDENTIFICADO,---,---,24,1
PLANTA CONCENTRADORA (COBRE INKA),LABOR MINERA,TAJO,URUBAMBA,CUSCO,CANCHIS,MARANGANI,-14.41325259,-71.15918526,010049592;010090201;010036105,COBRE INCA;COBRE INCA AR;CORI RUMI,"BEYTIA PIAZZE, ROSARIO JOSEFINA;MALDONADO GALLARDO, ARTURO FAUSTO;MALDONADO MATOS, JESSICA FERNANDA;MATOS AVALOS, CARMEN ROSALIA;MATOS AVALOS, SOSIMO ERACLIO;PONCE MILOSEVICH, RENE ALBERTO;S.M.R.L. COBRE INCA AR;SOCIEDAD MINERA ANDEREAL S.A.C.",NO IDENTIFICADO,---,---,24,1
PLANTA CONCENTRADORA (COBRE INKA),RESIDUO MINERO,DESMONTE DE MINA,URUBAMBA,CUSCO,CANCHIS,MARANGANI,-14.41325284,-71.15915745,010049592;010090201;010036105,COBRE INCA;COBRE INCA AR;CORI RUMI,"BEYTIA PIAZZE, ROSARIO JOSEFINA;MALDONADO GALLARDO, ARTURO FAUSTO;MALDONADO MATOS, JESSICA FERNANDA;MATOS AVALOS, CARMEN ROSALIA;MATOS AVALOS, SOSIMO ERACLIO;PONCE MILOSEVICH, RENE ALBERTO;S.M.R.L. COBRE INCA AR;SOCIEDAD MINERA ANDEREAL S.A.C.",NO IDENTIFICADO,---,---,22,1
PLANTA CONCENTRADORA (COBRE INKA),RESIDUO MINERO,DESMONTE DE MINA,URUBAMBA,CUSCO,CANCHIS,MARANGANI,-14.41301199,-71.15980411,010049592;010090201;010036105,COBRE INCA;COBRE INCA AR;CORI RUMI,"BEYTIA PIAZZE, ROSARIO JOSEFINA;MALDONADO GALLARDO, ARTURO FAUSTO;MALDONADO MATOS, JESSICA FERNANDA;MATOS AVALOS, CARMEN ROSALIA;MATOS AVALOS, SOSIMO ERACLIO;PONCE MILOSEVICH, RENE ALBERTO;S.M.R.L. COBRE INCA AR;SOCIEDAD MINERA ANDEREAL S.A.C.",NO IDENTIFICADO,---,---,22,1
PLANTA CONCENTRADORA (COBRE INKA),LABOR MINERA,BOCAMINA,URUBAMBA,CUSCO,CANCHIS,MARANGANI,-14.41269550,-71.15982887,010049592;010090201;010036105,COBRE INCA;COBRE INCA AR;CORI RUMI,"BEYTIA PIAZZE, ROSARIO JOSEFINA;MALDONADO GALLARDO, ARTURO FAUSTO;MALDONADO MATOS, JESSICA FERNANDA;MATOS AVALOS, CARMEN ROSALIA;MATOS AVALOS, SOSIMO ERACLIO;PONCE MILOSEVICH, RENE ALBERTO;S.M.R.L. COBRE INCA AR;SOCIEDAD MINERA ANDEREAL S.A.C.",NO IDENTIFICADO,---,---,27,2
ANTACCASA,LABOR MINERA,BOCAMINA,URUBAMBA,CUSCO,CANCHIS,MARANGANI,-14.42640081,-71.07759939,580001612;010130596,LA RESCATADA IFA;SOR ESTHER 1,"COMPAÑIA MINERA EL SOL S.A.;FERNANDEZ MORMONTOY, JORGE ARTURO",NO IDENTIFICADO,---,---,24,1
ANTACCASA,RESIDUO MINERO,DESMONTE DE MINA,URUBAMBA,CUSCO,CANCHIS,MARANGANI,-14.42521469,-71.07786655,580001612;010130596,LA RESCATADA IFA;SOR ESTHER 1,"COMPAÑIA MINERA EL SOL S.A.;FERNANDEZ MORMONTOY, JORGE ARTURO",NO IDENTIFICADO,---,---,37,2
ANTACCASA,LABOR MINERA,BOCAMINA,URUBAMBA,CUSCO,CANCHIS,MARANGANI,-14.42521469,-71.07786655,010157593;010577408,AUCA VIII;PARACELSO 31,"CARBONES Y DERIVADOS S.A. E.M.A.;MINERA DEL SUROESTE S.A.;SALAVERRY SALAVERRY, MANUEL GUSTAVO HUMBERTO;S.M.R.L. KUMARA 1",NO IDENTIFICADO,---,---,33,2
CHAMPACANCHA,RESIDUO MINERO,DESMONTE DE MINA,URUBAMBA,CUSCO,CANCHIS,MARANGANI,-14.41927078,-71.06217922,040008807;010825695;05000227X01;580001612;040009212;050002002;010182206,ALBA DORADA II;EL INTI 4;JESUS NAZARENO SEGUNDO;LA RESCATADA IFA;LA RESCATADA JFM;MILAGROSO 3 DE MAYO;QUILLCA 1,"COMPAÑIA MINERA EL SOL S.A.;FERNANDEZ MORMONTOY, JORGE ARTURO;LOPEZ NUÑEZ, MANUEL JESUS;MINERA PEÑOLES DE PERU S.A.;NAVARRO RAMOS, MAXIMO ROGELIO;PUMA PARICAHUA, LEONIDAS;SUBIA JARA, PABLO ROBERTO;SUBIA ZAMATA, TOMAS",NO IDENTIFICADO,---,---,41,3
CHAMPACANCHA,LABOR MINERA,BOCAMINA,URUBAMBA,CUSCO,CANCHIS,MARANGANI,-14.41890541,-71.06365934,040008807;010825695;05000227X01;580001612;040009212;050002002;010182206,ALBA DORADA II;EL INTI 4;JESUS NAZARENO SEGUNDO;LA RESCATADA IFA;LA RESCATADA JFM;MILAGROSO 3 DE MAYO;QUILLCA 1,"COMPAÑIA MINERA EL SOL S.A.;FERNANDEZ MORMONTOY, JORGE ARTURO;LOPEZ NUÑEZ, MANUEL JESUS;MINERA PEÑOLES DE PERU S.A.;NAVARRO RAMOS, MAXIMO ROGELIO;PUMA PARICAHUA, LEONIDAS;SUBIA JARA, PABLO ROBERTO;SUBIA ZAMATA, TOMAS",NO IDENTIFICADO,---,---,43,3
CHAMPACANCHA,LABOR MINERA,BOCAMINA,URUBAMBA,CUSCO,CANCHIS,MARANGANI,-14.42080275,-71.05956010,010825695;580001612;580009512;010182206,EL INTI 4;LA RESCATADA IFA;MINA EL TEPEYAC;QUILLCA 1,"COMPAÑIA MINERA EL SOL S.A.;FERNANDEZ MORMONTOY, JORGE ARTURO;GONZALES SALAS, WILLY ANGEL;MINERA PEÑOLES DE PERU S.A.",NO IDENTIFICADO,---,---,27,2
CHAMPACANCHA,LABOR MINERA,BOCAMINA,URUBAMBA,CUSCO,CANCHIS,MARANGANI,-14.41586593,-71.05781802,010825695;580001612;580009512;010182206,EL INTI 4;LA RESCATADA IFA;MINA EL TEPEYAC;QUILLCA 1,"COMPAÑIA MINERA EL SOL S.A.;FERNANDEZ MORMONTOY, JORGE ARTURO;GONZALES SALAS, WILLY ANGEL;MINERA PEÑOLES DE PERU S.A.",NO IDENTIFICADO,---,---,31,2
CHAMPACANCHA,LABOR MINERA,BOCAMINA,URUBAMBA,CUSCO,CANCHIS,MARANGANI,-14.41548109,-71.05842642,010825695;580001612;580009512;010182206,EL INTI 4;LA RESCATADA IFA;MINA EL TEPEYAC;QUILLCA 1,"COMPAÑIA MINERA EL SOL S.A.;FERNANDEZ MORMONTOY, JORGE ARTURO;GONZALES SALAS, WILLY ANGEL;MINERA PEÑOLES DE PERU S.A.",NO IDENTIFICADO,---,---,27,2
ACCOCUNCA,LABOR MINERA,BOCAMINA,URUBAMBA,CUSCO,CANCHIS,MARANGANI,-14.40884454,-71.05366490,05003861X01;050001501;580001212;580001612;040000612;040009212;010027892;580000612;010182206;010045012;010043012;040000901,JESUS NAZARENO Nº 5;JORGE LUIS;JUAN PIERO I;LA RESCATADA IFA;LA RESCATADA JF;LA RESCATADA JFM;MARIA DE FATIMA;MINA COLQUENE;QUILLCA 1;ROCA ANTIMONIO 2012;ROFI;SAN RAFAEL,"BARRIOS SARMIENTO, MAXIMO ROGER;BARRIOS SARMIENTO, NORCA NORBERTA;FERNANDEZ ABARCA, JORGE LUIS;FERNANDEZ MORMONTOY, JORGE ARTURO;GONZALES SALAS, WILLY ANGEL;LOPEZ NUÑEZ, MANUEL JESUS;MALDONADO GALLARDO, ARTURO FAUSTO;MINERA PEÑOLES DE PERU S.A.;MORMONTOY ZUBELETA, GLORY;PUMA JALLO, RUTH FIORELA;S.M.R.L. SAN RAFAEL;TRIVEÑO PINTO, JAVIER;VARGAS ROJAS, JESSICA ELIZABETH",NO IDENTIFICADO,---,---,31,2
ACCOCUNCA,LABOR MINERA,BOCAMINA,URUBAMBA,CUSCO,CANCHIS,MARANGANI,-14.40884454,-71.05366490,05003861X01;050001501;580001212;580001612;040000612;040009212;010027892;580000612;010182206;010045012;010043012;040000901,JESUS NAZARENO Nº 5;JORGE LUIS;JUAN PIERO I;LA RESCATADA IFA;LA RESCATADA JF;LA RESCATADA JFM;MARIA DE FATIMA;MINA COLQUENE;QUILLCA 1;ROCA ANTIMONIO 2012;ROFI;SAN RAFAEL,"BARRIOS SARMIENTO, MAXIMO ROGER;BARRIOS SARMIENTO, NORCA NORBERTA;FERNANDEZ ABARCA, JORGE LUIS;FERNANDEZ MORMONTOY, JORGE ARTURO;GONZALES SALAS, WILLY ANGEL;LOPEZ NUÑEZ, MANUEL JESUS;MALDONADO GALLARDO, ARTURO FAUSTO;MINERA PEÑOLES DE PERU S.A.;MORMONTOY ZUBELETA, GLORY;PUMA JALLO, RUTH FIORELA;S.M.R.L. SAN RAFAEL;TRIVEÑO PINTO, JAVIER;VARGAS ROJAS, JESSICA ELIZABETH",NO IDENTIFICADO,---,---,31,2
CANTA CANTA,LABOR MINERA,BOCAMINA,URUBAMBA,CUSCO,CANCHIS,MARANGANI,-14.42465186,-71.05235398,010024803;010825695;010386897;580001612;010182206;010382697;05002929X01,CARMEN OLGA;EL INTI 4;EL SANTISIMO;LA RESCATADA IFA;QUILLCA 1;REBUSCADA AM;REBUSCADA I,"COMPAÑIA MINERA EL SOL S.A.;FERNANDEZ MORMONTOY, JORGE ARTURO;GOYZUETA GIORDANO, CARMEN ANGELICA;LOPEZ NUÑEZ, MANUEL JESUS;MALDONADO GALLARDO, ARTURO FAUSTO;MATOS AVALOS, CARMEN ROSALIA;MATOS AVALOS, SOSIMO ERACLIO;MINERA PEÑOLES DE PERU S.A.",NO IDENTIFICADO,---,---,27,2
CANTA CANTA,LABOR MINERA,BOCAMINA,URUBAMBA,CUSCO,CANCHIS,MARANGANI,-14.42467889,-71.05236350,010024803;010825695;010386897;580001612;010182206;010382697;05002929X01,CARMEN OLGA;EL INTI 4;EL SANTISIMO;LA RESCATADA IFA;QUILLCA 1;REBUSCADA AM;REBUSCADA I,"COMPAÑIA MINERA EL SOL S.A.;FERNANDEZ MORMONTOY, JORGE ARTURO;GOYZUETA GIORDANO, CARMEN ANGELICA;LOPEZ NUÑEZ, MANUEL JESUS;MALDONADO GALLARDO, ARTURO FAUSTO;MATOS AVALOS, CARMEN ROSALIA;MATOS AVALOS, SOSIMO ERACLIO;MINERA PEÑOLES DE PERU S.A.",NO IDENTIFICADO,---,---,27,2
CANTA CANTA,RESIDUO MINERO,DESMONTE DE MINA,URUBAMBA,CUSCO,CANCHIS,MARANGANI,-14.42465162,-71.05238180,010024803;010825695;010386897;580001612;010182206;010382697;05002929X01,CARMEN OLGA;EL INTI 4;EL SANTISIMO;LA RESCATADA IFA;QUILLCA 1;REBUSCADA AM;REBUSCADA I,"COMPAÑIA MINERA EL SOL S.A.;FERNANDEZ MORMONTOY, JORGE ARTURO;GOYZUETA GIORDANO, CARMEN ANGELICA;LOPEZ NUÑEZ, MANUEL JESUS;MALDONADO GALLARDO, ARTURO FAUSTO;MATOS AVALOS, CARMEN ROSALIA;MATOS AVALOS, SOSIMO ERACLIO;MINERA PEÑOLES DE PERU S.A.",NO IDENTIFICADO,---,---,29,2
CANTA CANTA,LABOR MINERA,BOCAMINA,URUBAMBA,CUSCO,CANCHIS,MARANGANI,-14.42422766,-71.05125599,010825695;010096699;010099410;580001612;580001210;010182206;05005949X01;010088512;010180204,EL INTI 4;JESSICA FERNANDA;JESSICA FERNANDA;LA RESCATADA IFA;MINERA CANTA CANTA;QUILLCA 1;REBUSCADA II;ROFI DOS;SICUANI DOS,"COMPAÑIA MINERA EL SOL S.A.;FERNANDEZ MORMONTOY, JORGE ARTURO;GONZALES SALAS, WILLY ANGEL;LOPEZ NUÑEZ, MANUEL JESUS;MALDONADO MATOS, CARMEN OLGA ISABEL;MALDONADO MATOS, JESSICA FERNANDA;MATOS AVALOS, MANUEL JESUS;MINERA PEÑOLES DE PERU S.A.;MINSUR S.A.;TRIVEÑO PINTO, JAVIER",NO IDENTIFICADO,---,---,25,1
CANTA CANTA,LABOR MINERA,BOCAMINA,URUBAMBA,CUSCO,CANCHIS,MARANGANI,-14.42611671,-71.05120838,010825695;010096699;010099410;580001612;580001210;010182206;05005949X01;010088512;010180204,EL INTI 4;JESSICA FERNANDA;JESSICA FERNANDA;LA RESCATADA IFA;MINERA CANTA CANTA;QUILLCA 1;REBUSCADA II;ROFI DOS;SICUANI DOS,"COMPAÑIA MINERA EL SOL S.A.;FERNANDEZ MORMONTOY, JORGE ARTURO;GONZALES SALAS, WILLY ANGEL;LOPEZ NUÑEZ, MANUEL JESUS;MALDONADO MATOS, CARMEN OLGA ISABEL;MALDONADO MATOS, JESSICA FERNANDA;MATOS AVALOS, MANUEL JESUS;MINERA PEÑOLES DE PERU S.A.;MINSUR S.A.;TRIVEÑO PINTO, JAVIER",NO IDENTIFICADO,---,---,25,1
CANTA CANTA,LABOR MINERA,BOCAMINA,URUBAMBA,CUSCO,CANCHIS,MARANGANI,-14.42612502,-71.05129191,010825695;010096699;010099410;580001612;580001210;010182206;05005949X01;010088512;010180204,EL INTI 4;JESSICA FERNANDA;JESSICA FERNANDA;LA RESCATADA IFA;MINERA CANTA CANTA;QUILLCA 1;REBUSCADA II;ROFI DOS;SICUANI DOS,"COMPAÑIA MINERA EL SOL S.A.;FERNANDEZ MORMONTOY, JORGE ARTURO;GONZALES SALAS, WILLY ANGEL;LOPEZ NUÑEZ, MANUEL JESUS;MALDONADO MATOS, CARMEN OLGA ISABEL;MALDONADO MATOS, JESSICA FERNANDA;MATOS AVALOS, MANUEL JESUS;MINERA PEÑOLES DE PERU S.A.;MINSUR S.A.;TRIVEÑO PINTO, JAVIER",NO IDENTIFICADO,---,---,35,2
CANTA CANTA,RESIDUO MINERO,DESMONTE DE MINA,URUBAMBA,CUSCO,CANCHIS,MARANGANI,-14.42602531,-71.05132808,010825695;010096699;010099410;580001612;580001210;010182206;05005949X01;010088512;010180204,EL INTI 4;JESSICA FERNANDA;JESSICA FERNANDA;LA RESCATADA IFA;MINERA CANTA CANTA;QUILLCA 1;REBUSCADA II;ROFI DOS;SICUANI DOS,"COMPAÑIA MINERA EL SOL S.A.;FERNANDEZ MORMONTOY, JORGE ARTURO;GONZALES SALAS, WILLY ANGEL;LOPEZ NUÑEZ, MANUEL JESUS;MALDONADO MATOS, CARMEN OLGA ISABEL;MALDONADO MATOS, JESSICA FERNANDA;MATOS AVALOS, MANUEL JESUS;MINERA PEÑOLES DE PERU S.A.;MINSUR S.A.;TRIVEÑO PINTO, JAVIER",NO IDENTIFICADO,---,---,31,2
CANTA CANTA,LABOR MINERA,BOCAMINA,URUBAMBA,CUSCO,CANCHIS,MARANGANI,-14.42608105,-71.05115242,010825695;010096699;010099410;580001612;580001210;010182206;05005949X01;010088512;010180204,EL INTI 4;JESSICA FERNANDA;JESSICA FERNANDA;LA RESCATADA IFA;MINERA CANTA CANTA;QUILLCA 1;REBUSCADA II;ROFI DOS;SICUANI DOS,"COMPAÑIA MINERA EL SOL S.A.;FERNANDEZ MORMONTOY, JORGE ARTURO;GONZALES SALAS, WILLY ANGEL;LOPEZ NUÑEZ, MANUEL JESUS;MALDONADO MATOS, CARMEN OLGA ISABEL;MALDONADO MATOS, JESSICA FERNANDA;MATOS AVALOS, MANUEL JESUS;MINERA PEÑOLES DE PERU S.A.;MINSUR S.A.;TRIVEÑO PINTO, JAVIER",NO IDENTIFICADO,---,---,29,2
CANTA CANTA,RESIDUO MINERO,DESMONTE DE MINA,URUBAMBA,CUSCO,CANCHIS,MARANGANI,-14.42579094,-71.05126103,010825695;580001612;010182206,EL INTI 4;LA RESCATADA IFA;QUILLCA 1,"COMPAÑIA MINERA EL SOL S.A.;FERNANDEZ MORMONTOY, JORGE ARTURO;MINERA PEÑOLES DE PERU S.A.",NO IDENTIFICADO,---,---,27,2
CANTA CANTA,LABOR MINERA,BOCAMINA,URUBAMBA,CUSCO,CANCHIS,MARANGANI,-14.42156821,-71.05052698,010024803;010386897;580001612;010182206;010382697;05002929X01,CARMEN OLGA;EL SANTISIMO;LA RESCATADA IFA;QUILLCA 1;REBUSCADA AM;REBUSCADA I,"FERNANDEZ MORMONTOY, JORGE ARTURO;GOYZUETA GIORDANO, CARMEN ANGELICA;LOPEZ NUÑEZ, MANUEL JESUS;MALDONADO GALLARDO, ARTURO FAUSTO;MATOS AVALOS, CARMEN ROSALIA;MATOS AVALOS, SOSIMO ERACLIO;MINERA PEÑOLES DE PERU S.A.",NO IDENTIFICADO,---,---,31,2
CANTA CANTA,LABOR MINERA,TAJEO COMUNICADO,URUBAMBA,CUSCO,CANCHIS,MARANGANI,-14.42174941,-71.05047301,010024803;010386897;580001612;010182206;010382697;05002929X01,CARMEN OLGA;EL SANTISIMO;LA RESCATADA IFA;QUILLCA 1;REBUSCADA AM;REBUSCADA I,"FERNANDEZ MORMONTOY, JORGE ARTURO;GOYZUETA GIORDANO, CARMEN ANGELICA;LOPEZ NUÑEZ, MANUEL JESUS;MALDONADO GALLARDO, ARTURO FAUSTO;MATOS AVALOS, CARMEN ROSALIA;MATOS AVALOS, SOSIMO ERACLIO;MINERA PEÑOLES DE PERU S.A.",NO IDENTIFICADO,---,---,22,1
CANTA CANTA,LABOR MINERA,TRINCHERA,URUBAMBA,CUSCO,CANCHIS,MARANGANI,-14.42166921,-71.05034246,010096699;580001612;580001210;010182206;05005949X01;010088512;010180204,JESSICA FERNANDA;LA RESCATADA IFA;MINERA CANTA CANTA;QUILLCA 1;REBUSCADA II;ROFI DOS;SICUANI DOS,"FERNANDEZ MORMONTOY, JORGE ARTURO;GONZALES SALAS, WILLY ANGEL;LOPEZ NUÑEZ, MANUEL JESUS;MATOS AVALOS, MANUEL JESUS;MINERA PEÑOLES DE PERU S.A.;MINSUR S.A.;TRIVEÑO PINTO, JAVIER",NO IDENTIFICADO,---,---,22,1
CANTA CANTA,RESIDUO MINERO,DESMONTE DE MINA,URUBAMBA,CUSCO,CANCHIS,MARANGANI,-14.42185429,-71.05088193,010024803;010386897;580001612;010182206;010382697;05002929X01,CARMEN OLGA;EL SANTISIMO;LA RESCATADA IFA;QUILLCA 1;REBUSCADA AM;REBUSCADA I,"FERNANDEZ MORMONTOY, JORGE ARTURO;GOYZUETA GIORDANO, CARMEN ANGELICA;LOPEZ NUÑEZ, MANUEL JESUS;MALDONADO GALLARDO, ARTURO FAUSTO;MATOS AVALOS, CARMEN ROSALIA;MATOS AVALOS, SOSIMO ERACLIO;MINERA PEÑOLES DE PERU S.A.",NO IDENTIFICADO,---,---,31,2
CANTA CANTA,LABOR MINERA,BOCAMINA,URUBAMBA,CUSCO,CANCHIS,MARANGANI,-14.42186389,-71.05081712,010024803;010386897;580001612;010182206;010382697;05002929X01,CARMEN OLGA;EL SANTISIMO;LA RESCATADA IFA;QUILLCA 1;REBUSCADA AM;REBUSCADA I,"FERNANDEZ MORMONTOY, JORGE ARTURO;GOYZUETA GIORDANO, CARMEN ANGELICA;LOPEZ NUÑEZ, MANUEL JESUS;MALDONADO GALLARDO, ARTURO FAUSTO;MATOS AVALOS, CARMEN ROSALIA;MATOS AVALOS, SOSIMO ERACLIO;MINERA PEÑOLES DE PERU S.A.",NO IDENTIFICADO,---,---,24,1
CANTA CANTA,LABOR MINERA,BOCAMINA,URUBAMBA,CUSCO,CANCHIS,MARANGANI,-14.42204873,-71.05138440,010825695;010096699;010099410;580001612;580001210;010182206;05005949X01;010088512;010180204,EL INTI 4;JESSICA FERNANDA;JESSICA FERNANDA;LA RESCATADA IFA;MINERA CANTA CANTA;QUILLCA 1;REBUSCADA II;ROFI DOS;SICUANI DOS,"COMPAÑIA MINERA EL SOL S.A.;FERNANDEZ MORMONTOY, JORGE ARTURO;GONZALES SALAS, WILLY ANGEL;LOPEZ NUÑEZ, MANUEL JESUS;MALDONADO MATOS, CARMEN OLGA ISABEL;MALDONADO MATOS, JESSICA FERNANDA;MATOS AVALOS, MANUEL JESUS;MINERA PEÑOLES DE PERU S.A.;MINSUR S.A.;TRIVEÑO PINTO, JAVIER",NO IDENTIFICADO,---,---,29,2
CHAKA CHAKA,RESIDUO MINERO,DESMONTE DE MINA,URUBAMBA,CUSCO,CANCHIS,MARANGANI,-14.42165299,-71.03656411,05006187X01;010096599;580001110;010182106;010138204;010081412;010099110,ANDEREAL-3;CARMEN OLGA;MINCORSA W;QUILLCA 2;SICUANI;YAMI 2012;YANARANGRA DOS,"GONZALES SALAS, WILLY ANGEL;MALDONADO GALLARDO, ARTURO FAUSTO;MALDONADO MATOS, CARMEN OLGA ISABEL;MALDONADO MATOS, JESSICA FERNANDA;MATOS AVALOS, MANUEL JESUS;MINERA PEÑOLES DE PERU S.A.;MINSUR S.A.;PINTO CORDOVA, DIMAS",NO IDENTIFICADO,---,---,35,2
CHAKA CHAKA,LABOR MINERA,BOCAMINA,URUBAMBA,CUSCO,CANCHIS,MARANGANI,-14.42191463,-71.03661284,05006187X01;010096599;580001110;010182106;010138204;010081412;010099110,ANDEREAL-3;CARMEN OLGA;MINCORSA W;QUILLCA 2;SICUANI;YAMI 2012;YANARANGRA DOS,"GONZALES SALAS, WILLY ANGEL;MALDONADO GALLARDO, ARTURO FAUSTO;MALDONADO MATOS, CARMEN OLGA ISABEL;MALDONADO MATOS, JESSICA FERNANDA;MATOS AVALOS, MANUEL JESUS;MINERA PEÑOLES DE PERU S.A.;MINSUR S.A.;PINTO CORDOVA, DIMAS",NO IDENTIFICADO,---,---,43,3
CHAKA CHAKA,LABOR MINERA,BOCAMINA,URUBAMBA,CUSCO,CANCHIS,MARANGANI,-14.42220378,-71.03661547,05006187X01;580001110;010138204;010081412;010099110,ANDEREAL-3;MINCORSA W;SICUANI;YAMI 2012;YANARANGRA DOS,"GONZALES SALAS, WILLY ANGEL;MALDONADO GALLARDO, ARTURO FAUSTO;MALDONADO MATOS, CARMEN OLGA ISABEL;MALDONADO MATOS, JESSICA FERNANDA;MINSUR S.A.;PINTO CORDOVA, DIMAS",NO IDENTIFICADO,---,---,27,2
CHAKA CHAKA,LABOR MINERA,BOCAMINA,URUBAMBA,CUSCO,CANCHIS,MARANGANI,-14.41508944,-71.04526628,580001612;010182206,LA RESCATADA IFA;QUILLCA 1,"FERNANDEZ MORMONTOY, JORGE ARTURO;MINERA PEÑOLES DE PERU S.A.",NO IDENTIFICADO,---,---,39,3
CHAKA CHAKA,RESIDUO MINERO,DESMONTE DE MINA,URUBAMBA,CUSCO,CANCHIS,MARANGANI,-14.41507145,-71.04525685,580001612;010182206,LA RESCATADA IFA;QUILLCA 1,"FERNANDEZ MORMONTOY, JORGE ARTURO;MINERA PEÑOLES DE PERU S.A.",NO IDENTIFICADO,---,---,27,2
PLANTA CONCENTRADORA (COBRE INKA),RESIDUO MINERO,RELAVES,URUBAMBA,CUSCO,CANCHIS,MARANGANI,-14.41356326,-71.15880814,010049592;010090201;010036105,COBRE INCA;COBRE INCA AR;CORI RUMI,"BEYTIA PIAZZE, ROSARIO JOSEFINA;MALDONADO GALLARDO, ARTURO FAUSTO;MALDONADO MATOS, JESSICA FERNANDA;MATOS AVALOS, CARMEN ROSALIA;MATOS AVALOS, SOSIMO ERACLIO;PONCE MILOSEVICH, RENE ALBERTO;S.M.R.L. COBRE INCA AR;SOCIEDAD MINERA ANDEREAL S.A.C.",NO IDENTIFICADO,---,---,47,3
CARACCOTO,RESIDUO MINERO,DESMONTE DE MINA,URUBAMBA,CUSCO,CANCHIS,MARANGANI,-14.34164673,-71.22801630,010074207;010920595,GISISUS;LLACTAVIRI,"CANEPA IANNACONE, CESAR FELIPE;MINERA PEÑOLES DE PERU S.A.",NO IDENTIFICADO,---,---,31,2
CARACCOTO,RESIDUO MINERO,DESMONTE DE MINA,URUBAMBA,CUSCO,CANCHIS,MARANGANI,-14.34198849,-71.22818649,010074207;010920595,GISISUS;LLACTAVIRI,"CANEPA IANNACONE, CESAR FELIPE;MINERA PEÑOLES DE PERU S.A.",NO IDENTIFICADO,---,---,29,2
CARACCOTO,RESIDUO MINERO,DESMONTE DE MINA,URUBAMBA,CUSCO,CANCHIS,MARANGANI,-14.34140410,-71.22787488,010074207;010920595,GISISUS;LLACTAVIRI,"CANEPA IANNACONE, CESAR FELIPE;MINERA PEÑOLES DE PERU S.A.",NO IDENTIFICADO,---,---,29,2
CANTA CANTA,LABOR MINERA,BOCAMINA,URUBAMBA,CUSCO,CANCHIS,MARANGANI,-14.42277587,-71.05193810,---,---,---,NO IDENTIFICADO,---,---,29,2
CANTA CANTA,LABOR MINERA,BOCAMINA,URUBAMBA,CUSCO,CANCHIS,MARANGANI,-14.42193723,-71.05173571,---,---,---,NO IDENTIFICADO,---,---,31,2
CHAMPACANCHA,LABOR MINERA,BOCAMINA,URUBAMBA,CUSCO,CANCHIS,MARANGANI,-14.41903342,-71.06245519,---,---,---,NO IDENTIFICADO,---,---,45,3
CHAMPACANCHA,LABOR MINERA,BOCAMINA,URUBAMBA,CUSCO,CANCHIS,MARANGANI,-14.41607125,-71.05810733,---,---,---,NO IDENTIFICADO,---,---,47,3
KATANGA 2,RESIDUO MINERO,DESMONTE DE MINA,APURIMAC,CUSCO,CHUMBIVILCAS,CHAMACA,-14.43635234,-71.80401418,010564495;010166504,KATA III;VALERIA SESENTAIDOS 2004,CORDILLERA DE LAS MINAS S.A.;MINERA DEL SUROESTE S.A.;PANORO APURIMAC S.A.,NO IDENTIFICADO,---,---,39,3
KATANGA 2,RESIDUO MINERO,RELAVES,APURIMAC,CUSCO,CHUMBIVILCAS,CHAMACA,-14.43654178,-71.80327511,010564495;010166504,KATA III;VALERIA SESENTAIDOS 2004,CORDILLERA DE LAS MINAS S.A.;MINERA DEL SUROESTE S.A.;PANORO APURIMAC S.A.,NO IDENTIFICADO,---,---,61,4
KATANGA 2,LABOR MINERA,TAJO,APURIMAC,CUSCO,CHUMBIVILCAS,CHAMACA,-14.43075634,-71.80368459,010564495;05000317X01;010166504,KATA III;KATANGA;VALERIA SESENTAIDOS 2004,COMPAÑIA MINERA KATANGA S.A.;CORDILLERA DE LAS MINAS S.A.;MINERA DEL SUROESTE S.A.;PANORO APURIMAC S.A.,NO IDENTIFICADO,---,---,41,3
KATANGA 2,LABOR MINERA,BOCAMINA,APURIMAC,CUSCO,CHUMBIVILCAS,CHAMACA,-14.43324531,-71.80401233,010564495;05000317X01;010166504,KATA III;KATANGA;VALERIA SESENTAIDOS 2004,COMPAÑIA MINERA KATANGA S.A.;CORDILLERA DE LAS MINAS S.A.;MINERA DEL SUROESTE S.A.;PANORO APURIMAC S.A.,NO IDENTIFICADO,---,---,65,5
KATANGA 2,PRODUCTO QUIMICO,ACEITES Y COMBUSTIBLES,APURIMAC,CUSCO,CHUMBIVILCAS,CHAMACA,-14.43454994,-71.80291652,010564495;05000317X01;010166504,KATA III;KATANGA;VALERIA SESENTAIDOS 2004,COMPAÑIA MINERA KATANGA S.A.;CORDILLERA DE LAS MINAS S.A.;MINERA DEL SUROESTE S.A.;PANORO APURIMAC S.A.,NO IDENTIFICADO,---,---,38,2
KATANGA 2,INFRAESTRUCTURA,PLANTAS DE PROCESAMIENTO,APURIMAC,CUSCO,CHUMBIVILCAS,CHAMACA,-14.43311634,-71.80498384,010564495;05000317X01;010166504,KATA III;KATANGA;VALERIA SESENTAIDOS 2004,COMPAÑIA MINERA KATANGA S.A.;CORDILLERA DE LAS MINAS S.A.;MINERA DEL SUROESTE S.A.;PANORO APURIMAC S.A.,NO IDENTIFICADO,---,---,24,1
KATANGA 2,OTRO RESIDUO,CHATARRA,APURIMAC,CUSCO,CHUMBIVILCAS,CHAMACA,-14.43447065,-71.80274870,010564495;05000317X01;010166504,KATA III;KATANGA;VALERIA SESENTAIDOS 2004,COMPAÑIA MINERA KATANGA S.A.;CORDILLERA DE LAS MINAS S.A.;MINERA DEL SUROESTE S.A.;PANORO APURIMAC S.A.,NO IDENTIFICADO,---,---,25,1
KATANGA 2,OTRO RESIDUO,CHATARRA,APURIMAC,CUSCO,CHUMBIVILCAS,CHAMACA,-14.43442792,-71.80254427,010559995;05000317X01;010166704,KATA V;KATANGA;VALERIA SESENTAICUATRO 2004,COMPAÑIA MINERA KATANGA S.A.;CORDILLERA DE LAS MINAS S.A.;MINERA DEL SUROESTE S.A.;PANORO APURIMAC S.A.,NO IDENTIFICADO,---,---,25,1
KATANGA 2,INFRAESTRUCTURA,"CAMPAMENTOS, OFICINAS, TALLERES",APURIMAC,CUSCO,CHUMBIVILCAS,CHAMACA,-14.43468408,-71.80302941,010564495;05000317X01;010166504,KATA III;KATANGA;VALERIA SESENTAIDOS 2004,COMPAÑIA MINERA KATANGA S.A.;CORDILLERA DE LAS MINAS S.A.;MINERA DEL SUROESTE S.A.;PANORO APURIMAC S.A.,NO IDENTIFICADO,---,---,27,2
KATANGA 2,INFRAESTRUCTURA,PATIOS DE TESTIGOS DE PERFORACION DIAMANTINA,APURIMAC,CUSCO,CHUMBIVILCAS,CHAMACA,-14.43491228,-71.80282838,010564495;05000317X01;010166504,KATA III;KATANGA;VALERIA SESENTAIDOS 2004,COMPAÑIA MINERA KATANGA S.A.;CORDILLERA DE LAS MINAS S.A.;MINERA DEL SUROESTE S.A.;PANORO APURIMAC S.A.,NO IDENTIFICADO,---,---,24,1
KATANGA 2,INFRAESTRUCTURA,"CAMPAMENTOS, OFICINAS, TALLERES",APURIMAC,CUSCO,CHUMBIVILCAS,CHAMACA,-14.43565170,-71.80293032,010564495;010166504,KATA III;VALERIA SESENTAIDOS 2004,CORDILLERA DE LAS MINAS S.A.;MINERA DEL SUROESTE S.A.;PANORO APURIMAC S.A.,NO IDENTIFICADO,---,---,24,1
KATANGA 2,INFRAESTRUCTURA,"CAMPAMENTOS, OFICINAS, TALLERES",APURIMAC,CUSCO,CHUMBIVILCAS,CHAMACA,-14.43628474,-71.80286410,010564495;010166504,KATA III;VALERIA SESENTAIDOS 2004,CORDILLERA DE LAS MINAS S.A.;MINERA DEL SUROESTE S.A.;PANORO APURIMAC S.A.,NO IDENTIFICADO,---,---,25,1
KATANGA 2,INFRAESTRUCTURA,"CAMPAMENTOS, OFICINAS, TALLERES",APURIMAC,CUSCO,CHUMBIVILCAS,CHAMACA,-14.43468563,-71.80213971,010559995;05000317X01;010166704,KATA V;KATANGA;VALERIA SESENTAICUATRO 2004,COMPAÑIA MINERA KATANGA S.A.;CORDILLERA DE LAS MINAS S.A.;MINERA DEL SUROESTE S.A.;PANORO APURIMAC S.A.,NO IDENTIFICADO,---,---,25,1
KATANGA 2,INFRAESTRUCTURA,"CAMPAMENTOS, OFICINAS, TALLERES",APURIMAC,CUSCO,CHUMBIVILCAS,CHAMACA,-14.43493408,-71.80327351,010564495;05000317X01;010166504,KATA III;KATANGA;VALERIA SESENTAIDOS 2004,COMPAÑIA MINERA KATANGA S.A.;CORDILLERA DE LAS MINAS S.A.;MINERA DEL SUROESTE S.A.;PANORO APURIMAC S.A.,NO IDENTIFICADO,---,---,25,1
KATANGA 2,RESIDUO MINERO,DESMONTE DE MINA,APURIMAC,CUSCO,CHUMBIVILCAS,CHAMACA,-14.43427634,-71.80541544,010564495;05000317X01;010166504,KATA III;KATANGA;VALERIA SESENTAIDOS 2004,COMPAÑIA MINERA KATANGA S.A.;CORDILLERA DE LAS MINAS S.A.;MINERA DEL SUROESTE S.A.;PANORO APURIMAC S.A.,NO IDENTIFICADO,---,---,41,3
KATANGA 2,RESIDUO MINERO,DESMONTE DE MINA,APURIMAC,CUSCO,CHUMBIVILCAS,CHAMACA,-14.43386851,-71.80629078,010564495;05000317X01;010166504,KATA III;KATANGA;VALERIA SESENTAIDOS 2004,COMPAÑIA MINERA KATANGA S.A.;CORDILLERA DE LAS MINAS S.A.;MINERA DEL SUROESTE S.A.;PANORO APURIMAC S.A.,NO IDENTIFICADO,---,---,41,3
KATANGA 2,RESIDUO MINERO,DESMONTE DE MINA,APURIMAC,CUSCO,CHUMBIVILCAS,CHAMACA,-14.43262259,-71.80624735,010564495;05000317X01;010166504,KATA III;KATANGA;VALERIA SESENTAIDOS 2004,COMPAÑIA MINERA KATANGA S.A.;CORDILLERA DE LAS MINAS S.A.;MINERA DEL SUROESTE S.A.;PANORO APURIMAC S.A.,NO IDENTIFICADO,---,---,33,2
KATANGA 2,INFRAESTRUCTURA,"CAMPAMENTOS, OFICINAS, TALLERES",APURIMAC,CUSCO,CHUMBIVILCAS,CHAMACA,-14.43214087,-71.81029136,010564495;010166504,KATA III;VALERIA SESENTAIDOS 2004,CORDILLERA DE LAS MINAS S.A.;MINERA DEL SUROESTE S.A.;PANORO APURIMAC S.A.,NO IDENTIFICADO,---,---,25,1
KATANGA 2,INFRAESTRUCTURA,"CAMPAMENTOS, OFICINAS, TALLERES",APURIMAC,CUSCO,CHUMBIVILCAS,CHAMACA,-14.43237810,-71.81009044,010564495;010166504,KATA III;VALERIA SESENTAIDOS 2004,CORDILLERA DE LAS MINAS S.A.;MINERA DEL SUROESTE S.A.;PANORO APURIMAC S.A.,NO IDENTIFICADO,---,---,27,2
KATANGA 2,LABOR MINERA,TAJO,APURIMAC,CUSCO,CHUMBIVILCAS,CHAMACA,-14.43874573,-71.80326565,010564495;010166504,KATA III;VALERIA SESENTAIDOS 2004,CORDILLERA DE LAS MINAS S.A.;MINERA DEL SUROESTE S.A.;PANORO APURIMAC S.A.,NO IDENTIFICADO,---,---,39,3
KATANGA 2,LABOR MINERA,BOCAMINA,APURIMAC,CUSCO,CHUMBIVILCAS,CHAMACA,-14.43377886,-71.80623405,010564495;05000317X01;010166504,KATA III;KATANGA;VALERIA SESENTAIDOS 2004,COMPAÑIA MINERA KATANGA S.A.;CORDILLERA DE LAS MINAS S.A.;MINERA DEL SUROESTE S.A.;PANORO APURIMAC S.A.,NO IDENTIFICADO,---,---,37,2
KATANGA 2,LABOR MINERA,PIQUE,APURIMAC,CUSCO,CHUMBIVILCAS,CHAMACA,-14.43379549,-71.80635474,010564495;05000317X01;010166504,KATA III;KATANGA;VALERIA SESENTAIDOS 2004,COMPAÑIA MINERA KATANGA S.A.;CORDILLERA DE LAS MINAS S.A.;MINERA DEL SUROESTE S.A.;PANORO APURIMAC S.A.,NO IDENTIFICADO,---,---,31,2
KATANGA 2,LABOR MINERA,PIQUE,APURIMAC,CUSCO,CHUMBIVILCAS,CHAMACA,-14.43383305,-71.80623473,010564495;05000317X01;010166504,KATA III;KATANGA;VALERIA SESENTAIDOS 2004,COMPAÑIA MINERA KATANGA S.A.;CORDILLERA DE LAS MINAS S.A.;MINERA DEL SUROESTE S.A.;PANORO APURIMAC S.A.,NO IDENTIFICADO,---,---,31,2
KATANGA 2,LABOR MINERA,BOCAMINA,APURIMAC,CUSCO,CHUMBIVILCAS,CHAMACA,-14.43293185,-71.80606587,010564495;05000317X01;010166504,KATA III;KATANGA;VALERIA SESENTAIDOS 2004,COMPAÑIA MINERA KATANGA S.A.;CORDILLERA DE LAS MINAS S.A.;MINERA DEL SUROESTE S.A.;PANORO APURIMAC S.A.,NO IDENTIFICADO,---,---,37,2
KATANGA 2,LABOR MINERA,BOCAMINA,APURIMAC,CUSCO,CHUMBIVILCAS,CHAMACA,-14.43296698,-71.80614972,010564495;05000317X01;010166504,KATA III;KATANGA;VALERIA SESENTAIDOS 2004,COMPAÑIA MINERA KATANGA S.A.;CORDILLERA DE LAS MINAS S.A.;MINERA DEL SUROESTE S.A.;PANORO APURIMAC S.A.,NO IDENTIFICADO,---,---,37,2
KATANGA 2,LABOR MINERA,BOCAMINA,APURIMAC,CUSCO,CHUMBIVILCAS,CHAMACA,-14.43296753,-71.80610339,010564495;05000317X01;010166504,KATA III;KATANGA;VALERIA SESENTAIDOS 2004,COMPAÑIA MINERA KATANGA S.A.;CORDILLERA DE LAS MINAS S.A.;MINERA DEL SUROESTE S.A.;PANORO APURIMAC S.A.,NO IDENTIFICADO,---,---,37,2
KATANGA 2,LABOR MINERA,BOCAMINA,APURIMAC,CUSCO,CHUMBIVILCAS,CHAMACA,-14.43287799,-71.80603739,010564495;05000317X01;010166504,KATA III;KATANGA;VALERIA SESENTAIDOS 2004,COMPAÑIA MINERA KATANGA S.A.;CORDILLERA DE LAS MINAS S.A.;MINERA DEL SUROESTE S.A.;PANORO APURIMAC S.A.,NO IDENTIFICADO,---,---,33,2
KATANGA 2,LABOR MINERA,BOCAMINA,APURIMAC,CUSCO,CHUMBIVILCAS,CHAMACA,-14.43262579,-71.80597863,010564495;05000317X01;010166504,KATA III;KATANGA;VALERIA SESENTAIDOS 2004,COMPAÑIA MINERA KATANGA S.A.;CORDILLERA DE LAS MINAS S.A.;MINERA DEL SUROESTE S.A.;PANORO APURIMAC S.A.,NO IDENTIFICADO,---,---,35,2
KATANGA 2,LABOR MINERA,PIQUE,APURIMAC,CUSCO,CHUMBIVILCAS,CHAMACA,-14.43264407,-71.80596032,010564495;05000317X01;010166504,KATA III;KATANGA;VALERIA SESENTAIDOS 2004,COMPAÑIA MINERA KATANGA S.A.;CORDILLERA DE LAS MINAS S.A.;MINERA DEL SUROESTE S.A.;PANORO APURIMAC S.A.,NO IDENTIFICADO,---,---,39,3
NORSEMONT SANTIAGO 3,LABOR MINERA,CHIMENEA,APURIMAC,CUSCO,CHUMBIVILCAS,CHAMACA,-14.44903107,-71.79585920,010002983U;010083695,CONSTANCIA; SANTIAGO 3,"COMPAÑIA MINERA SANTA LUISA S.A.;HUDBAY PERU S.A.C.;MITSUI MINING & SMELTING CO., LTD SUCURSAL DEL PERU;NORSEMONT PERU S.A.C.;RIO TINTO MINING AND EXPLORATION LIMITED, SUCURSAL DEL PERU",NO IDENTIFICADO,---,---,25,1
NORSEMONT SANTIAGO 4,LABOR MINERA,BOCAMINA,APURIMAC,CUSCO,CHUMBIVILCAS,CHAMACA,-14.43129107,-71.77375588,010002983U;05006089X01;010083495,CONSTANCIA;PETA 5;SANTIAGO 4,HUDBAY PERÚ S.A.C.;HUDBAY PERÚ S.A.C.; HUDBAY PERU S.A.C.,NO IDENTIFICADO,---,---,29,2
NORSEMONT SANTIAGO 4,INFRAESTRUCTURA,"CAMPAMENTOS, OFICINAS, TALLERES",APURIMAC,CUSCO,CHUMBIVILCAS,CHAMACA,-14.43163883,-71.77337093,010002983U;05006089X01;010083495,CONSTANCIA;PETA 5;SANTIAGO 4,HUDBAY PERÚ S.A.C.;HUDBAY PERÚ S.A.C.; HUDBAY PERU S.A.C.,NO IDENTIFICADO,---,---,18,1
NORSEMONT SANTIAGO 3,LABOR MINERA,CHIMENEA,APURIMAC,CUSCO,CHUMBIVILCAS,CHAMACA,-14.44717876,-71.79591946,010002983U;010083695,CONSTANCIA; SANTIAGO 3,HUDBAY PERU S.A.C.; HUDBAY PERU S.A.C.,NO IDENTIFICADO,---,---,24,1
NORSEMONT SANTIAGO 4,LABOR MINERA,BOCAMINA,APURIMAC,CUSCO,CHUMBIVILCAS,CHAMACA,-14.43205992,-71.77289421,010002983U;010083495; 05006089X01,CONSTANCIA; SANTIAGO 4;PETA 5,HUDBAY PERU S.A.C.; HUDBAY PERU S.A.C.;HUDBAY PERU S.A.C.,NO IDENTIFICADO,---,---,31,2
NORSEMONT SANTIAGO 4,RESIDUO MINERO,DESMONTE DE MINA,APURIMAC,CUSCO,CHUMBIVILCAS,CHAMACA,-14.43110022,-71.77385546,010002983U;010083495; 05006089X01,CONSTANCIA; SANTIAGO 4;PETA 5,HUDBAY PERU S.A.C.; HUDBAY PERU S.A.C.;HUDBAY PERU S.A.C.,NO IDENTIFICADO,---,---,24,1
ANCOYO - CALZADA,LABOR MINERA,BOCAMINA,APURIMAC,CUSCO,CHUMBIVILCAS,COLQUEMARCA,-14.31165299,-72.03669150,010206093;010055306,COLQUEMARCA 20;GRAN LEON 7,MINERA DEL SUROESTE S.A.C.;MINSUR S.A.,NO IDENTIFICADO,---,---,45,3
ANCOYO - CALZADA,RESIDUO MINERO,DESMONTE DE MINA,APURIMAC,CUSCO,CHUMBIVILCAS,COLQUEMARCA,-14.31165287,-72.03668224,010206093;010055306,COLQUEMARCA 20;GRAN LEON 7,MINERA DEL SUROESTE S.A.C.;MINSUR S.A.,NO IDENTIFICADO,---,---,37,2
CAJAPATA FAHUATA,LABOR MINERA,BOCAMINA,APURIMAC,CUSCO,CHUMBIVILCAS,COLQUEMARCA,-14.29905266,-72.05323996,010206093;010055306,COLQUEMARCA 20;GRAN LEON 7,MINERA DEL SUROESTE S.A.C.;MINSUR S.A.,NO IDENTIFICADO,---,---,37,2
CAJAPATA FAHUATA,RESIDUO MINERO,DESMONTE DE MINA,APURIMAC,CUSCO,CHUMBIVILCAS,COLQUEMARCA,-14.29916113,-72.05324781,010206093;010055306,COLQUEMARCA 20;GRAN LEON 7,MINERA DEL SUROESTE S.A.C.;MINSUR S.A.,NO IDENTIFICADO,---,---,33,2
TACU TACU,RESIDUO MINERO,DESMONTE DE MINA,APURIMAC,CUSCO,CHUMBIVILCAS,COLQUEMARCA,-14.37739302,-72.03981029,10495206,GRAN LEON 44,MINERA DEL SUROESTE S.A.C.,NO IDENTIFICADO,---,---,27,2
TACU TACU,LABOR MINERA,BOCAMINA,APURIMAC,CUSCO,CHUMBIVILCAS,COLQUEMARCA,-14.37688527,-72.03965022,10495206,GRAN LEON 44,MINERA DEL SUROESTE S.A.C.,NO IDENTIFICADO,---,---,43,3
PARCCORO,RESIDUO MINERO,DESMONTE DE MINA,APURIMAC,CUSCO,CHUMBIVILCAS,COLQUEMARCA,-14.33211527,-72.00918184,10055806,GRAN LEON 13,COMPAÑIA MINERA ARES S.A.C.;MINERA DEL SUROESTE S.A.C.;NEWMONT PERU S.R.L.,NO IDENTIFICADO,---,---,37,2
CAJAPATA FAHUATA,RESIDUO MINERO,RELAVES,APURIMAC,CUSCO,CHUMBIVILCAS,COLQUEMARCA,-14.29914112,-72.05309063,010206093;010055306,COLQUEMARCA 20;GRAN LEON 7,MINERA DEL SUROESTE S.A.C.;MINSUR S.A.,NO IDENTIFICADO,---,---,27,2
CAJAPATA FAHUATA,LABOR MINERA,BOCAMINA,APURIMAC,CUSCO,CHUMBIVILCAS,COLQUEMARCA,-14.29913220,-72.05310001,010206093;010055306,COLQUEMARCA 20;GRAN LEON 7,MINERA DEL SUROESTE S.A.C.;MINSUR S.A.,NO IDENTIFICADO,---,---,39,3
ANCOYO - CALZADA,INFRAESTRUCTURA,NO DETERMINADO,APURIMAC,CUSCO,CHUMBIVILCAS,COLQUEMARCA,-14.31173437,-72.03669969,010206093;010055306,COLQUEMARCA 20;GRAN LEON 7,MINERA DEL SUROESTE S.A.C.;MINSUR S.A.,NO IDENTIFICADO,---,---,29,2
ANCOYO - CALZADA,LABOR MINERA,BOCAMINA,APURIMAC,CUSCO,CHUMBIVILCAS,COLQUEMARCA,-14.31191232,-72.03576192,010206093;010055706,COLQUEMARCA 20;GRAN LEON 8,COMPAÑIA MINERA ARES S.A.C.;MINERA DEL SUROESTE S.A.C.;MINSUR S.A.;NEWMONT PERU S.R.L.,NO IDENTIFICADO,---,---,41,3
ANCOYO - CALZADA,LABOR MINERA,BOCAMINA,APURIMAC,CUSCO,CHUMBIVILCAS,COLQUEMARCA,-14.31185791,-72.03574411,010206093;010055706,COLQUEMARCA 20;GRAN LEON 8,COMPAÑIA MINERA ARES S.A.C.;MINERA DEL SUROESTE S.A.C.;MINSUR S.A.;NEWMONT PERU S.R.L.,NO IDENTIFICADO,---,---,41,3
ANCOYO - CALZADA,LABOR MINERA,BOCAMINA,APURIMAC,CUSCO,CHUMBIVILCAS,COLQUEMARCA,-14.31184112,-72.03584621,010206093;010055706,COLQUEMARCA 20;GRAN LEON 8,COMPAÑIA MINERA ARES S.A.C.;MINERA DEL SUROESTE S.A.C.;MINSUR S.A.;NEWMONT PERU S.R.L.,NO IDENTIFICADO,---,---,39,3
ANCOYO - CALZADA,LABOR MINERA,MEDIA BARRETA,APURIMAC,CUSCO,CHUMBIVILCAS,COLQUEMARCA,-14.31169758,-72.03592219,010206093;010055706,COLQUEMARCA 20;GRAN LEON 8,COMPAÑIA MINERA ARES S.A.C.;MINERA DEL SUROESTE S.A.C.;MINSUR S.A.;NEWMONT PERU S.R.L.,NO IDENTIFICADO,---,---,39,3
PARCCORO,LABOR MINERA,TAJO,APURIMAC,CUSCO,CHUMBIVILCAS,COLQUEMARCA,-14.33201327,-72.00897016,10055806,GRAN LEON 13,COMPAÑIA MINERA ARES S.A.C.;MINERA DEL SUROESTE S.A.C.;NEWMONT PERU S.R.L.,NO IDENTIFICADO,---,---,39,3
PARCCORO,INFRAESTRUCTURA,NO DETERMINADO,APURIMAC,CUSCO,CHUMBIVILCAS,COLQUEMARCA,-14.33210130,-72.00950621,10055806,GRAN LEON 13,COMPAÑIA MINERA ARES S.A.C.;MINERA DEL SUROESTE S.A.C.;NEWMONT PERU S.R.L.,NO IDENTIFICADO,---,---,29,2
TACU TACU,LABOR MINERA,BOCAMINA,APURIMAC,CUSCO,CHUMBIVILCAS,COLQUEMARCA,-14.37746479,-72.03977229,10495206,GRAN LEON 44,MINERA DEL SUROESTE S.A.C.,NO IDENTIFICADO,---,---,35,2
TACU TACU,LABOR MINERA,BOCAMINA,APURIMAC,CUSCO,CHUMBIVILCAS,COLQUEMARCA,-14.37555746,-72.03963065,10495206,GRAN LEON 44,MINERA DEL SUROESTE S.A.C.,NO IDENTIFICADO,---,---,33,2
TACU TACU,LABOR MINERA,BOCAMINA,APURIMAC,CUSCO,CHUMBIVILCAS,COLQUEMARCA,-14.37550352,-72.03964989,10495206,GRAN LEON 44,MINERA DEL SUROESTE S.A.C.,NO IDENTIFICADO,---,---,37,2
NORSEMONT SANTIAGO APOSTOL I,LABOR MINERA,BOCAMINA,APURIMAC,CUSCO,CHUMBIVILCAS,LIVITACA,-14.45477258,-71.75320091,010002983U;010229294,CONSTANCIA; SANTIAGO APOSTOL I,"COMPAÑIA MINERA SANTA LUISA S.A.;HUDBAY PERU S.A.C.;MITSUI MINING & SMELTING CO., LTD SUCURSAL DEL PERU;NORSEMONT PERU S.A.C.;RIO TINTO MINING AND EXPLORATION LIMITED, SUCURSAL DEL PERU",NO IDENTIFICADO,---,---,24,1
NORSEMONT SANTIAGO APOSTOL I,LABOR MINERA,TAJEO COMUNICADO,APURIMAC,CUSCO,CHUMBIVILCAS,LIVITACA,-14.45489880,-71.75322101,010002983U;010229294,CONSTANCIA; SANTIAGO APOSTOL I,"COMPAÑIA MINERA SANTA LUISA S.A.;HUDBAY PERU S.A.C.;MITSUI MINING & SMELTING CO., LTD SUCURSAL DEL PERU;NORSEMONT PERU S.A.C.;RIO TINTO MINING AND EXPLORATION LIMITED, SUCURSAL DEL PERU",NO IDENTIFICADO,---,---,25,1
NORSEMONT SANTIAGO APOSTOL I,LABOR MINERA,CHIMENEA,APURIMAC,CUSCO,CHUMBIVILCAS,LIVITACA,-14.45502459,-71.75327817,010002983U;010229294,CONSTANCIA; SANTIAGO APOSTOL I,"COMPAÑIA MINERA SANTA LUISA S.A.;HUDBAY PERU S.A.C.;MITSUI MINING & SMELTING CO., LTD SUCURSAL DEL PERU;NORSEMONT PERU S.A.C.;RIO TINTO MINING AND EXPLORATION LIMITED, SUCURSAL DEL PERU",NO IDENTIFICADO,---,---,18,1
NORSEMONT SANTIAGO APOSTOL I,LABOR MINERA,TAJEO COMUNICADO,APURIMAC,CUSCO,CHUMBIVILCAS,LIVITACA,-14.45206680,-71.75054445,010002983U;010229294,CONSTANCIA; SANTIAGO APOSTOL I,HUDBAY PERÚ S.A.C.;HUDBAY PERÚ S.A.C.,NO IDENTIFICADO,---,---,25,1
QUEQAÑA,RESIDUO MINERO,DESMONTE DE MINA,APURIMAC,CUSCO,CHUMBIVILCAS,LLUSCO,-14.35507022,-72.10943434,10563811,BAMBA 53,BHP BILLITON WORLD EXPLORATION INC. SUCURSAL DEL PERU,NO IDENTIFICADO,---,---,31,2
QUEQAÑA,LABOR MINERA,BOCAMINA,APURIMAC,CUSCO,CHUMBIVILCAS,LLUSCO,-14.35516007,-72.10939613,10563811,BAMBA 53,BHP BILLITON WORLD EXPLORATION INC. SUCURSAL DEL PERU,NO IDENTIFICADO,---,---,39,3
QUEQAÑA,LABOR MINERA,BOCAMINA,APURIMAC,CUSCO,CHUMBIVILCAS,LLUSCO,-14.35508004,-72.10949906,10563811,BAMBA 53,BHP BILLITON WORLD EXPLORATION INC. SUCURSAL DEL PERU,NO IDENTIFICADO,---,---,39,3
QUEQAÑA,LABOR MINERA,TAJO,APURIMAC,CUSCO,CHUMBIVILCAS,LLUSCO,-14.35500949,-72.10963893,050014104;050004103,DOÑA JUANA II;THE FUTURE CU I,"RUIZ SOSA, JOSE ANGEL;S.M.R.L. DOÑA JUANA II;VILLANUEVA PONCE, ELMER ILDEFONSO;VILLANUEVA PONCE, MONICA CRISTINA",NO IDENTIFICADO,---,---,33,2
QUEQAÑA,RESIDUO MINERO,SUELO ORGANICO,APURIMAC,CUSCO,CHUMBIVILCAS,LLUSCO,-14.35488251,-72.10959424,050014104;050004103,DOÑA JUANA II;THE FUTURE CU I,"RUIZ SOSA, JOSE ANGEL;S.M.R.L. DOÑA JUANA II;VILLANUEVA PONCE, ELMER ILDEFONSO;VILLANUEVA PONCE, MONICA CRISTINA",NO IDENTIFICADO,---,---,25,1
QUEQAÑA,LABOR MINERA,TRINCHERA,APURIMAC,CUSCO,CHUMBIVILCAS,LLUSCO,-14.35519212,-72.10906221,10563811,BAMBA 53,BHP BILLITON WORLD EXPLORATION INC. SUCURSAL DEL PERU,NO IDENTIFICADO,---,---,31,2
QUEQAÑA,LABOR MINERA,TRINCHERA,APURIMAC,CUSCO,CHUMBIVILCAS,LLUSCO,-14.35524698,-72.10911709,10563811,BAMBA 53,BHP BILLITON WORLD EXPLORATION INC. SUCURSAL DEL PERU,NO IDENTIFICADO,---,---,39,3
QUEQAÑA,LABOR MINERA,BOCAMINA,APURIMAC,CUSCO,CHUMBIVILCAS,LLUSCO,-14.35522745,-72.10899691,10563811,BAMBA 53,BHP BILLITON WORLD EXPLORATION INC. SUCURSAL DEL PERU,NO IDENTIFICADO,---,---,39,3
TAMBOMACHAY,LABOR MINERA,BOCAMINA,URUBAMBA,CUSCO,CUSCO,CUSCO,-13.47684798,-71.95992149,---,---,---,NO IDENTIFICADO,---,---,41,3
TAMBOMACHAY,RESIDUO MINERO,DESMONTE DE MINA,URUBAMBA,CUSCO,CUSCO,CUSCO,-13.47704925,-71.95970248,---,---,---,NO IDENTIFICADO,---,---,33,2
TAMBOMACHAY,LABOR MINERA,BOCAMINA,URUBAMBA,CUSCO,CUSCO,CUSCO,-13.47697658,-71.95973850,---,---,---,NO IDENTIFICADO,---,---,45,3
CONDOROMA,LABOR MINERA,BOCAMINA,APURIMAC,CUSCO,ESPINAR,CONDOROMA,-15.24221219,-71.08054528,050009104;010195004;010062101;05005243X01;010167704;010444995,DON DIONICIO;DON PAUL VI;INGENIO Nº 3;INGENIO Nº 3;ODILIN 3;ROMA II,"BREXIA GOLDPLATA PERU S.A.C.;D´ANGELO PADILLA DE SEGURA, FLOR DE MARIA;DELAITRE JUILLAND, ANNE MARIE;GOLDPLATA RESOURCES PERU S.A.C.;MINERA DEL SUROESTE S.A.;S.M.R.L. ANTONIO RAYMONDI CUSCO;TORRES MALLMA, HILDA",IDENTIFICADO,---,---,33,2
DON PAUL,LABOR MINERA,CHIMENEA,CAMANA,CUSCO,ESPINAR,CONDOROMA,-15.24715693,-71.08518234,010195004;010062101; 010167704;010444995; 050009104; 05005243X01,DON PAUL VI;INGENIO Nº 3; ODILIN 3;ROMA II; DON DIONICIO;INGENIO Nº 3,"BREXIA GOLDPLATA PERU S.A.C.; TORRES MALLMA, HILDA; D'ANGELO PADILLA DE SEGURA, FLOR DE MARÍA; MINERA DEL SUROESTE S.A.; S.M.R.L. ANTONIO RAYMONDI CUSCO; DELAITRE JUILLAND, ANNE MARIE",NO IDENTIFICADO,---,---,29,2
DON PAUL,RESIDUO MINERO,DESMONTE DE MINA,CAMANA,CUSCO,ESPINAR,CONDOROMA,-15.23887264,-71.07428619,010062101;010167704; 010195004;010444995; 050009104; 05005243X01,INGENIO Nº 3;ODILIN 3; DON PAUL VI;ROMA II; DON DIONICIO;INGENIO Nº 3,"TORRES MALLMA, HILDA; D'ANGELO PADILLA DE SEGURA, FLOR DE MARÍA; BREXIA GOLDPLATA PERU S.A.C.; MINERA DEL SUROESTE S.A.; S.M.R.L. ANTONIO RAYMONDI CUSCO; DELAITRE JUILLAND, ANNE MARIE",NO IDENTIFICADO,---,---,20,1
DON PAUL,RESIDUO MINERO,DESMONTE DE MINA,CAMANA,CUSCO,ESPINAR,CONDOROMA,-15.24009212,-71.07432607,010062101;010167704; 010195004;010444995; 050009104; 05005243X01,INGENIO Nº 3;ODILIN 3; DON PAUL VI;ROMA II; DON DIONICIO;INGENIO Nº 3,"TORRES MALLMA, HILDA; D'ANGELO PADILLA DE SEGURA, FLOR DE MARÍA; BREXIA GOLDPLATA PERU S.A.C.; MINERA DEL SUROESTE S.A.; S.M.R.L. ANTONIO RAYMONDI CUSCO; DELAITRE JUILLAND, ANNE MARIE",NO IDENTIFICADO,---,---,20,1
DON PAUL,RESIDUO MINERO,RELAVES,CAMANA,CUSCO,ESPINAR,CONDOROMA,-15.24394708,-71.08541128,---,---,---,NO IDENTIFICADO,---,---,45,3
DON PAUL,RESIDUO MINERO,DESMONTE DE MINA,CAMANA,CUSCO,ESPINAR,CONDOROMA,-15.24202984,-71.08558782,010195004;010062101; 010167704;010444995; 050009104; 05005243X01,DON PAUL VI;INGENIO Nº 3; ODILIN 3;ROMA II; DON DIONICIO;INGENIO Nº 3,"BREXIA GOLDPLATA PERU S.A.C.; TORRES MALLMA, HILDA; D'ANGELO PADILLA DE SEGURA, FLOR DE MARÍA; MINERA DEL SUROESTE S.A.; S.M.R.L. ANTONIO RAYMONDI CUSCO; DELAITRE JUILLAND, ANNE MARIE",NO IDENTIFICADO,---,---,27,2
DON PAUL,RESIDUO MINERO,DESMONTE DE MINA,CAMANA,CUSCO,ESPINAR,CONDOROMA,-15.24080691,-71.08592012,010062101;010167704; 010195004;010444995; 050009104; 05005243X01,INGENIO Nº 3;ODILIN 3; DON PAUL VI;ROMA II; DON DIONICIO;INGENIO Nº 3,"TORRES MALLMA, HILDA; D'ANGELO PADILLA DE SEGURA, FLOR DE MARÍA; BREXIA GOLDPLATA PERU S.A.C.; MINERA DEL SUROESTE S.A.; S.M.R.L. ANTONIO RAYMONDI CUSCO; DELAITRE JUILLAND, ANNE MARIE",NO IDENTIFICADO,---,---,27,2
DON PAUL,RESIDUO MINERO,DESMONTE DE MINA,CAMANA,CUSCO,ESPINAR,CONDOROMA,-15.24344756,-71.07691840,010062101;010167704; 010195004;010444995; 050009104; 05005243X01,INGENIO Nº 3;ODILIN 3; DON PAUL VI;ROMA II; DON DIONICIO;INGENIO Nº 3,"TORRES MALLMA, HILDA; D'ANGELO PADILLA DE SEGURA, FLOR DE MARÍA; BREXIA GOLDPLATA PERU S.A.C.; MINERA DEL SUROESTE S.A.; S.M.R.L. ANTONIO RAYMONDI CUSCO; DELAITRE JUILLAND, ANNE MARIE",NO IDENTIFICADO,---,---,18,1
DON PAUL,INFRAESTRUCTURA,PLANTAS DE PROCESAMIENTO,CAMANA,CUSCO,ESPINAR,CONDOROMA,-15.24272095,-71.08608790,010195004;010062101; 010167704;010444995; 050009104; 05005243X01,DON PAUL VI;INGENIO Nº 3; ODILIN 3;ROMA II; DON DIONICIO;INGENIO Nº 3,"BREXIA GOLDPLATA PERU S.A.C.; TORRES MALLMA, HILDA; D'ANGELO PADILLA DE SEGURA, FLOR DE MARÍA; MINERA DEL SUROESTE S.A.; S.M.R.L. ANTONIO RAYMONDI CUSCO; DELAITRE JUILLAND, ANNE MARIE",NO IDENTIFICADO,---,---,25,1
DON PAUL,INFRAESTRUCTURA,"CAMPAMENTOS, OFICINAS, TALLERES",CAMANA,CUSCO,ESPINAR,CONDOROMA,-15.24333553,-71.08120782,010195004;010062101; 010167704;010444995; 050009104; 05005243X01,DON PAUL VI;INGENIO Nº 3; ODILIN 3;ROMA II; DON DIONICIO;INGENIO Nº 3,"BREXIA GOLDPLATA PERU S.A.C.; TORRES MALLMA, HILDA; D'ANGELO PADILLA DE SEGURA, FLOR DE MARÍA; MINERA DEL SUROESTE S.A.; S.M.R.L. ANTONIO RAYMONDI CUSCO; DELAITRE JUILLAND, ANNE MARIE",NO IDENTIFICADO,---,---,18,1
RAYMONDI,LABOR MINERA,TRINCHERA,APURIMAC,CUSCO,ESPINAR,CONDOROMA,-15.26601380,-71.07554854,010003283U;05004272X01,ANTONIO RAYMONDI;ANTONIO RAYMONDI,S.M.R.L. ANTONIO RAYMONDI CUSCO,NO IDENTIFICADO,---,---,31,2
RAYMONDI,LABOR MINERA,TRINCHERA,APURIMAC,CUSCO,ESPINAR,CONDOROMA,-15.26587810,-71.07556582,010003283U;05004272X01,ANTONIO RAYMONDI;ANTONIO RAYMONDI,S.M.R.L. ANTONIO RAYMONDI CUSCO,NO IDENTIFICADO,---,---,27,2
RAYMONDI,LABOR MINERA,BOCAMINA,APURIMAC,CUSCO,ESPINAR,CONDOROMA,-15.25911918,-71.06873270,010003283U;05005240X01,ANTONIO RAYMONDI;ANTONIO RAYMONDI Nº 2,S.M.R.L. ANTONIO RAYMONDI CUSCO,NO IDENTIFICADO,---,---,33,2
RAYMONDI,RESIDUO MINERO,RELAVES,APURIMAC,CUSCO,ESPINAR,CONDOROMA,-15.26236732,-71.08193509,010003283U;05005412X01,ANTONIO RAYMONDI;ANTONIO RAYMONDI Nº 3,S.M.R.L. ANTONIO RAYMONDI CUSCO,NO IDENTIFICADO,---,---,43,3
RAYMONDI,RESIDUO MINERO,DESMONTE DE MINA,APURIMAC,CUSCO,ESPINAR,CONDOROMA,-15.26532914,-71.07825043,010003283U;05005241X01,ANTONIO RAYMONDI;ANTONIO RAYMONDI Nº 4,S.M.R.L. ANTONIO RAYMONDI CUSCO,NO IDENTIFICADO,---,---,31,2
RAYMONDI,RESIDUO MINERO,DESMONTE DE MINA,APURIMAC,CUSCO,ESPINAR,CONDOROMA,-15.26564722,-71.07610342,010003283U;05004272X01,ANTONIO RAYMONDI;ANTONIO RAYMONDI,S.M.R.L. ANTONIO RAYMONDI CUSCO,NO IDENTIFICADO,---,---,33,2
RAYMONDI,RESIDUO MINERO,DESMONTE DE MINA,APURIMAC,CUSCO,ESPINAR,CONDOROMA,-15.26449906,-71.07714392,010003283U;05004272X01,ANTONIO RAYMONDI;ANTONIO RAYMONDI,S.M.R.L. ANTONIO RAYMONDI CUSCO,NO IDENTIFICADO,---,---,31,2
RAYMONDI,RESIDUO MINERO,DESMONTE DE MINA,APURIMAC,CUSCO,ESPINAR,CONDOROMA,-15.25996305,-71.06835003,010003283U;05005240X01,ANTONIO RAYMONDI;ANTONIO RAYMONDI Nº 2,S.M.R.L. ANTONIO RAYMONDI CUSCO,NO IDENTIFICADO,---,---,29,2
RAYMONDI,RESIDUO MINERO,DESMONTE DE MINA,APURIMAC,CUSCO,ESPINAR,CONDOROMA,-15.25993089,-71.06987619,010003283U;05005240X01;010638307,ANTONIO RAYMONDI;ANTONIO RAYMONDI Nº 2;ANTONIO RAYMONDI Nº6,MINERA TOPACIO S.A.;S.M.R.L. ANTONIO RAYMONDI CUSCO,NO IDENTIFICADO,---,---,33,2
RAYMONDI,LABOR MINERA,BOCAMINA,APURIMAC,CUSCO,ESPINAR,CONDOROMA,-15.26558272,-71.07818777,010003283U;05005241X01,ANTONIO RAYMONDI;ANTONIO RAYMONDI Nº 4,S.M.R.L. ANTONIO RAYMONDI CUSCO,NO IDENTIFICADO,---,---,35,2
RAYMONDI,LABOR MINERA,BOCAMINA,APURIMAC,CUSCO,ESPINAR,CONDOROMA,-15.26613641,-71.07596861,010003283U;05004272X01,ANTONIO RAYMONDI;ANTONIO RAYMONDI,S.M.R.L. ANTONIO RAYMONDI CUSCO,NO IDENTIFICADO,---,---,43,3
RAYMONDI,LABOR MINERA,BOCAMINA,APURIMAC,CUSCO,ESPINAR,CONDOROMA,-15.26480703,-71.07706318,010003283U;05004272X01,ANTONIO RAYMONDI;ANTONIO RAYMONDI,S.M.R.L. ANTONIO RAYMONDI CUSCO,NO IDENTIFICADO,---,---,45,3
RAYMONDI,LABOR MINERA,BOCAMINA,APURIMAC,CUSCO,ESPINAR,CONDOROMA,-15.26385216,-71.07674663,010003283U;05004272X01,ANTONIO RAYMONDI;ANTONIO RAYMONDI,S.M.R.L. ANTONIO RAYMONDI CUSCO,NO IDENTIFICADO,---,---,35,2
RAYMONDI,LABOR MINERA,BOCAMINA,APURIMAC,CUSCO,ESPINAR,CONDOROMA,-15.25988225,-71.06829340,010003283U;05005240X01,ANTONIO RAYMONDI;ANTONIO RAYMONDI Nº 2,S.M.R.L. ANTONIO RAYMONDI CUSCO,NO IDENTIFICADO,---,---,47,3
RAYMONDI,LABOR MINERA,BOCAMINA,APURIMAC,CUSCO,ESPINAR,CONDOROMA,-15.25984726,-71.07012668,010003283U;05005240X01;010638307,ANTONIO RAYMONDI;ANTONIO RAYMONDI Nº 2;ANTONIO RAYMONDI Nº6,MINERA TOPACIO S.A.;S.M.R.L. ANTONIO RAYMONDI CUSCO,NO IDENTIFICADO,---,---,37,2
CONDOROMA,OTRO RESIDUO,DE CONSTRUCCION,APURIMAC,CUSCO,ESPINAR,CONDOROMA,-15.24248475,-71.08428003,050009104;010195004;010062101;05005243X01;010167704,DON DIONICIO;DON PAUL VI;INGENIO Nº 3;INGENIO Nº 3;ODILIN 3,"BREXIA GOLDPLATA PERU S.A.C.;D´ANGELO PADILLA DE SEGURA, FLOR DE MARIA;DELAITRE JUILLAND, ANNE MARIE;GOLDPLATA RESOURCES PERU S.A.C.;S.M.R.L. ANTONIO RAYMONDI CUSCO;TORRES MALLMA, HILDA",IDENTIFICADO,---,---,29,2
CONDOROMA,LABOR MINERA,TAJEO COMUNICADO,APURIMAC,CUSCO,ESPINAR,CONDOROMA,-15.24261793,-71.08258749,050009104;010195004;010062101;05005243X01;010167704,DON DIONICIO;DON PAUL VI;INGENIO Nº 3;INGENIO Nº 3;ODILIN 3,"BREXIA GOLDPLATA PERU S.A.C.;D´ANGELO PADILLA DE SEGURA, FLOR DE MARIA;DELAITRE JUILLAND, ANNE MARIE;GOLDPLATA RESOURCES PERU S.A.C.;S.M.R.L. ANTONIO RAYMONDI CUSCO;TORRES MALLMA, HILDA",IDENTIFICADO,---,---,37,2
CONDOROMA,OTRO RESIDUO,DE CONSTRUCCION,APURIMAC,CUSCO,ESPINAR,CONDOROMA,-15.24168876,-71.08534248,050009104;010195004;010062101;05005243X01;010167704,DON DIONICIO;DON PAUL VI;INGENIO Nº 3;INGENIO Nº 3;ODILIN 3,"BREXIA GOLDPLATA PERU S.A.C.;D´ANGELO PADILLA DE SEGURA, FLOR DE MARIA;DELAITRE JUILLAND, ANNE MARIE;GOLDPLATA RESOURCES PERU S.A.C.;S.M.R.L. ANTONIO RAYMONDI CUSCO;TORRES MALLMA, HILDA",IDENTIFICADO,---,---,25,1
CONDOROMA,LABOR MINERA,BOCAMINA,APURIMAC,CUSCO,ESPINAR,CONDOROMA,-15.24170703,-71.07947932,050009104;010195004;010062101;05005243X01;010167704,DON DIONICIO;DON PAUL VI;INGENIO Nº 3;INGENIO Nº 3;ODILIN 3,"BREXIA GOLDPLATA PERU S.A.C.;D´ANGELO PADILLA DE SEGURA, FLOR DE MARIA;DELAITRE JUILLAND, ANNE MARIE;GOLDPLATA RESOURCES PERU S.A.C.;S.M.R.L. ANTONIO RAYMONDI CUSCO;TORRES MALLMA, HILDA",IDENTIFICADO,---,---,41,3
CONDOROMA,LABOR MINERA,BOCAMINA,APURIMAC,CUSCO,ESPINAR,CONDOROMA,-15.24005508,-71.07930486,050009104;010195004;010062101;05005243X01;010167704,DON DIONICIO;DON PAUL VI;INGENIO Nº 3;INGENIO Nº 3;ODILIN 3,"BREXIA GOLDPLATA PERU S.A.C.;D´ANGELO PADILLA DE SEGURA, FLOR DE MARIA;DELAITRE JUILLAND, ANNE MARIE;GOLDPLATA RESOURCES PERU S.A.C.;S.M.R.L. ANTONIO RAYMONDI CUSCO;TORRES MALLMA, HILDA",IDENTIFICADO,---,---,51,4
CONDOROMA,LABOR MINERA,BOCAMINA,APURIMAC,CUSCO,ESPINAR,CONDOROMA,-15.24520692,-71.08305041,050009104;010195004;010062101;05005243X01;010167704,DON DIONICIO;DON PAUL VI;INGENIO Nº 3;INGENIO Nº 3;ODILIN 3,"BREXIA GOLDPLATA PERU S.A.C.;D´ANGELO PADILLA DE SEGURA, FLOR DE MARIA;DELAITRE JUILLAND, ANNE MARIE;GOLDPLATA RESOURCES PERU S.A.C.;S.M.R.L. ANTONIO RAYMONDI CUSCO;TORRES MALLMA, HILDA",IDENTIFICADO,---,---,29,2
CONDOROMA,LABOR MINERA,BOCAMINA,APURIMAC,CUSCO,ESPINAR,CONDOROMA,-15.24447154,-71.08342476,050009104;010195004;010062101;05005243X01;010167704,DON DIONICIO;DON PAUL VI;INGENIO Nº 3;INGENIO Nº 3;ODILIN 3,"BREXIA GOLDPLATA PERU S.A.C.;D´ANGELO PADILLA DE SEGURA, FLOR DE MARIA;DELAITRE JUILLAND, ANNE MARIE;GOLDPLATA RESOURCES PERU S.A.C.;S.M.R.L. ANTONIO RAYMONDI CUSCO;TORRES MALLMA, HILDA",IDENTIFICADO,---,---,33,2
CONDOROMA,LABOR MINERA,BOCAMINA,APURIMAC,CUSCO,ESPINAR,CONDOROMA,-15.24124154,-71.08582203,050009104;010195004;010062101;05005243X01;010167704,DON DIONICIO;DON PAUL VI;INGENIO Nº 3;INGENIO Nº 3;ODILIN 3,"BREXIA GOLDPLATA PERU S.A.C.;D´ANGELO PADILLA DE SEGURA, FLOR DE MARIA;DELAITRE JUILLAND, ANNE MARIE;GOLDPLATA RESOURCES PERU S.A.C.;S.M.R.L. ANTONIO RAYMONDI CUSCO;TORRES MALLMA, HILDA",IDENTIFICADO,---,---,43,3
CONDOROMA,LABOR MINERA,TRINCHERA,APURIMAC,CUSCO,ESPINAR,CONDOROMA,-15.24123868,-71.08223886,050009104;010195004;010062101;05005243X01;010167704,DON DIONICIO;DON PAUL VI;INGENIO Nº 3;INGENIO Nº 3;ODILIN 3,"BREXIA GOLDPLATA PERU S.A.C.;D´ANGELO PADILLA DE SEGURA, FLOR DE MARIA;DELAITRE JUILLAND, ANNE MARIE;GOLDPLATA RESOURCES PERU S.A.C.;S.M.R.L. ANTONIO RAYMONDI CUSCO;TORRES MALLMA, HILDA",IDENTIFICADO,---,---,31,2
CONDOROMA,RESIDUO MINERO,DESMONTE DE MINA,APURIMAC,CUSCO,ESPINAR,CONDOROMA,-15.24437129,-71.08351684,050009104;010195004;010062101;05005243X01;010167704,DON DIONICIO;DON PAUL VI;INGENIO Nº 3;INGENIO Nº 3;ODILIN 3,"BREXIA GOLDPLATA PERU S.A.C.;D´ANGELO PADILLA DE SEGURA, FLOR DE MARIA;DELAITRE JUILLAND, ANNE MARIE;GOLDPLATA RESOURCES PERU S.A.C.;S.M.R.L. ANTONIO RAYMONDI CUSCO;TORRES MALLMA, HILDA",IDENTIFICADO,---,---,35,2
CONDOROMA,RESIDUO MINERO,DESMONTE DE MINA,APURIMAC,CUSCO,ESPINAR,CONDOROMA,-15.24507801,-71.08330974,050009104;010195004;010062101;05005243X01;010167704,DON DIONICIO;DON PAUL VI;INGENIO Nº 3;INGENIO Nº 3;ODILIN 3,"BREXIA GOLDPLATA PERU S.A.C.;D´ANGELO PADILLA DE SEGURA, FLOR DE MARIA;DELAITRE JUILLAND, ANNE MARIE;GOLDPLATA RESOURCES PERU S.A.C.;S.M.R.L. ANTONIO RAYMONDI CUSCO;TORRES MALLMA, HILDA",IDENTIFICADO,---,---,37,2
CONDOROMA,RESIDUO MINERO,DESMONTE DE MINA,APURIMAC,CUSCO,ESPINAR,CONDOROMA,-15.24184620,-71.08590244,050009104;010195004;010062101;05005243X01;010167704,DON DIONICIO;DON PAUL VI;INGENIO Nº 3;INGENIO Nº 3;ODILIN 3,"BREXIA GOLDPLATA PERU S.A.C.;D´ANGELO PADILLA DE SEGURA, FLOR DE MARIA;DELAITRE JUILLAND, ANNE MARIE;GOLDPLATA RESOURCES PERU S.A.C.;S.M.R.L. ANTONIO RAYMONDI CUSCO;TORRES MALLMA, HILDA",IDENTIFICADO,---,---,33,2
CONDOROMA,INFRAESTRUCTURA,"CAMPAMENTOS, OFICINAS, TALLERES",APURIMAC,CUSCO,ESPINAR,CONDOROMA,-15.24374999,-71.08231012,050009104;010195004;010062101;05005243X01;010167704,DON DIONICIO;DON PAUL VI;INGENIO Nº 3;INGENIO Nº 3;ODILIN 3,"BREXIA GOLDPLATA PERU S.A.C.;D´ANGELO PADILLA DE SEGURA, FLOR DE MARIA;DELAITRE JUILLAND, ANNE MARIE;GOLDPLATA RESOURCES PERU S.A.C.;S.M.R.L. ANTONIO RAYMONDI CUSCO;TORRES MALLMA, HILDA",IDENTIFICADO,---,---,25,1
DON PAUL,LABOR MINERA,BOCAMINA,CAMANA,CUSCO,ESPINAR,CONDOROMA,-15.24066348,-71.08579771,010062101;010167704; 010195004;010444995; 050009104; 05005243X01,INGENIO Nº 3;ODILIN 3; DON PAUL VI;ROMA II; DON DIONICIO;INGENIO Nº 3,"TORRES MALLMA, HILDA; D'ANGELO PADILLA DE SEGURA, FLOR DE MARÍA; BREXIA GOLDPLATA PERU S.A.C.; MINERA DEL SUROESTE S.A.;S.M.R.L. ANTONIO RAYMONDI CUSCO; DELAITRE JUILLAND, ANNE MARIE",NO IDENTIFICADO,---,---,27,2
DON PAUL,LABOR MINERA,BOCAMINA,CAMANA,CUSCO,ESPINAR,CONDOROMA,-15.24711888,-71.08538672,010062101;010167704; 010195004;010444995; 050009104; 05005243X01,INGENIO Nº 3;ODILIN 3; DON PAUL VI;ROMA II; DON DIONICIO;INGENIO Nº 3,"TORRES MALLMA, HILDA; D'ANGELO PADILLA DE SEGURA, FLOR DE MARÍA; BREXIA GOLDPLATA PERU S.A.C.; MINERA DEL SUROESTE S.A.;S.M.R.L. ANTONIO RAYMONDI CUSCO; DELAITRE JUILLAND, ANNE MARIE",NO IDENTIFICADO,---,---,31,2
CONDOROMA,LABOR MINERA,BOCAMINA,APURIMAC,CUSCO,ESPINAR,CONDOROMA,-15.24544947,-71.08125654,---,---,---,NO IDENTIFICADO,---,---,33,2
CONDOROMA,LABOR MINERA,CHIMENEA,APURIMAC,CUSCO,ESPINAR,CONDOROMA,-15.24567802,-71.08097027,---,---,---,NO IDENTIFICADO,---,---,33,2
TAMBOMATE,LABOR MINERA,BOCAMINA,APURIMAC,CUSCO,ESPINAR,COPORAQUE,-14.81792238,-71.52356365,050001904;040009205;010112810;05000078Y01;010096010;040000600,CADAJA 1;CAPACCRHUS 1;CARLA 1;JOYEL BRILLANTE;MATTHIAS;TAMBOMATE,"AREVALO GUTIERREZ, DANIEL FERNANDO;AURIMIN PERU S.R.L.;CCOLQUE QUISPE, CLETO;CHOQUEPUMA CCAPA, NARCISO;COMPAÑIA MINERA ARES S.A.C.;EMPRESA MINERA JOYEL BRILLANTE S.R.L.;HANCCO CHIHUANHUAYLLA, DAMIAN ADOLFO;PALACIOS CHIRINOS, ANA SOFIA;S.M.R.L. TAMBOMATE",IDENTIFICADO,---,---,37,2
TAMBOMATE,RESIDUO MINERO,RELAVES,APURIMAC,CUSCO,ESPINAR,COPORAQUE,-14.81407168,-71.52295260,050001904;010112810;010003815;010491508;05000078Y01;010096010;010159794;040000600,CADAJA 1;CARLA 1;COPORAQUE 9;COPORAQUE 9;JOYEL BRILLANTE;MATTHIAS;RIFA - 73;TAMBOMATE,"AREVALO GUTIERREZ, DANIEL FERNANDO;CCOLQUE QUISPE, CLETO;CHOQUEPUMA CCAPA, NARCISO;COMPAÑIA MINERA ARES S.A.C.;EMPRESA MINERA JOYEL BRILLANTE S.R.L.;GREENEX S.A.C.;HANCCO CHIHUANHUAYLLA, DAMIAN ADOLFO;HUDBAY PERU S.A.C.;MAXY GOLD PERU S.A.C.;PALACIOS CHIRINOS, ANA SOFIA;S.M.R.L. TAMBOMATE",IDENTIFICADO,---,---,27,2
TAMBOMATE,RESIDUO MINERO,DESMONTE DE MINA,APURIMAC,CUSCO,ESPINAR,COPORAQUE,-14.81965479,-71.52375087,050001904;040009205;010112810;05000078Y01;010096010;040000600,CADAJA 1;CAPACCRHUS 1;CARLA 1;JOYEL BRILLANTE;MATTHIAS;TAMBOMATE,"AREVALO GUTIERREZ, DANIEL FERNANDO;AURIMIN PERU S.R.L.;CCOLQUE QUISPE, CLETO;CHOQUEPUMA CCAPA, NARCISO;COMPAÑIA MINERA ARES S.A.C.;EMPRESA MINERA JOYEL BRILLANTE S.R.L.;HANCCO CHIHUANHUAYLLA, DAMIAN ADOLFO;PALACIOS CHIRINOS, ANA SOFIA;S.M.R.L. TAMBOMATE",IDENTIFICADO,---,---,31,2
PUCAMOCCO,RESIDUO MINERO,DESMONTE DE MINA,APURIMAC,CUSCO,ESPINAR,COPORAQUE,-14.81681556,-71.54041397,010003815;010491508;010159694,COPORAQUE 9;COPORAQUE 9;RIFA-72,GREENEX S.A.C.;HUDBAY PERU S.A.C.;MAXY GOLD PERU S.A.C.,NO IDENTIFICADO,---,---,25,1
TAMBOMATE,LABOR MINERA,TRINCHERA,APURIMAC,CUSCO,ESPINAR,COPORAQUE,-14.82060963,-71.52317691,050001904;040009205;010112810;05000078Y01;010096010;040000600,CADAJA 1;CAPACCRHUS 1;CARLA 1;JOYEL BRILLANTE;MATTHIAS;TAMBOMATE,"AREVALO GUTIERREZ, DANIEL FERNANDO;AURIMIN PERU S.R.L.;CCOLQUE QUISPE, CLETO;CHOQUEPUMA CCAPA, NARCISO;COMPAÑIA MINERA ARES S.A.C.;EMPRESA MINERA JOYEL BRILLANTE S.R.L.;HANCCO CHIHUANHUAYLLA, DAMIAN ADOLFO;PALACIOS CHIRINOS, ANA SOFIA;S.M.R.L. TAMBOMATE",IDENTIFICADO,---,---,31,2
TAMBOMATE,LABOR MINERA,TRINCHERA,APURIMAC,CUSCO,ESPINAR,COPORAQUE,-14.82011884,-71.52262335,050001904;010160794;040000600,CADAJA 1;RIFA-83;TAMBOMATE,"AREVALO GUTIERREZ, DANIEL FERNANDO;CCOLQUE QUISPE, CLETO;CHOQUEPUMA CCAPA, NARCISO;GREENEX S.A.C.;HANCCO CHIHUANHUAYLLA, DAMIAN ADOLFO;S.M.R.L. TAMBOMATE",IDENTIFICADO,---,---,29,2
TAMBOMATE,LABOR MINERA,BOCAMINA,APURIMAC,CUSCO,ESPINAR,COPORAQUE,-14.82011657,-71.52365407,050001904;040009205;010112810;05000078Y01;010096010;040000600,CADAJA 1;CAPACCRHUS 1;CARLA 1;JOYEL BRILLANTE;MATTHIAS;TAMBOMATE,"AREVALO GUTIERREZ, DANIEL FERNANDO;AURIMIN PERU S.R.L.;CCOLQUE QUISPE, CLETO;CHOQUEPUMA CCAPA, NARCISO;COMPAÑIA MINERA ARES S.A.C.;EMPRESA MINERA JOYEL BRILLANTE S.R.L.;HANCCO CHIHUANHUAYLLA, DAMIAN ADOLFO;PALACIOS CHIRINOS, ANA SOFIA;S.M.R.L. TAMBOMATE",IDENTIFICADO,---,---,49,3
TAMBOMATE,RESIDUO MINERO,DESMONTE DE MINA,APURIMAC,CUSCO,ESPINAR,COPORAQUE,-14.81963393,-71.52235772,050001904;040009205;010112810;05000078Y01;010096010;040000600,CADAJA 1;CAPACCRHUS 1;CARLA 1;JOYEL BRILLANTE;MATTHIAS;TAMBOMATE,"AREVALO GUTIERREZ, DANIEL FERNANDO;AURIMIN PERU S.R.L.;CCOLQUE QUISPE, CLETO;CHOQUEPUMA CCAPA, NARCISO;COMPAÑIA MINERA ARES S.A.C.;EMPRESA MINERA JOYEL BRILLANTE S.R.L.;HANCCO CHIHUANHUAYLLA, DAMIAN ADOLFO;PALACIOS CHIRINOS, ANA SOFIA;S.M.R.L. TAMBOMATE",IDENTIFICADO,---,---,41,3
TAMBOMATE,RESIDUO MINERO,DESMONTE DE MINA,APURIMAC,CUSCO,ESPINAR,COPORAQUE,-14.82057126,-71.52338076,050001904;040009205;010112810;05000078Y01;010096010;040000600,CADAJA 1;CAPACCRHUS 1;CARLA 1;JOYEL BRILLANTE;MATTHIAS;TAMBOMATE,"AREVALO GUTIERREZ, DANIEL FERNANDO;AURIMIN PERU S.R.L.;CCOLQUE QUISPE, CLETO;CHOQUEPUMA CCAPA, NARCISO;COMPAÑIA MINERA ARES S.A.C.;EMPRESA MINERA JOYEL BRILLANTE S.R.L.;HANCCO CHIHUANHUAYLLA, DAMIAN ADOLFO;PALACIOS CHIRINOS, ANA SOFIA;S.M.R.L. TAMBOMATE",IDENTIFICADO,---,---,31,2
TAMBOMATE,INFRAESTRUCTURA,PLANTAS DE PROCESAMIENTO,APURIMAC,CUSCO,ESPINAR,COPORAQUE,-14.81847659,-71.52409937,050001904;040009205;010112810;05000078Y01;010096010;040000600,CADAJA 1;CAPACCRHUS 1;CARLA 1;JOYEL BRILLANTE;MATTHIAS;TAMBOMATE,"AREVALO GUTIERREZ, DANIEL FERNANDO;AURIMIN PERU S.R.L.;CCOLQUE QUISPE, CLETO;CHOQUEPUMA CCAPA, NARCISO;COMPAÑIA MINERA ARES S.A.C.;EMPRESA MINERA JOYEL BRILLANTE S.R.L.;HANCCO CHIHUANHUAYLLA, DAMIAN ADOLFO;PALACIOS CHIRINOS, ANA SOFIA;S.M.R.L. TAMBOMATE",IDENTIFICADO,---,---,29,2
PUCAMOCCO,LABOR MINERA,BOCAMINA,APURIMAC,CUSCO,ESPINAR,COPORAQUE,-14.81651401,-71.54072617,010003815;010491508;010159694,COPORAQUE 9;COPORAQUE 9;RIFA-72,GREENEX S.A.C.;HUDBAY PERU S.A.C.;MAXY GOLD PERU S.A.C.,NO IDENTIFICADO,---,---,35,2
PUCAMOCCO,LABOR MINERA,BOCAMINA,APURIMAC,CUSCO,ESPINAR,COPORAQUE,-14.81497748,-71.54161825,010003815;010491508;010159694,COPORAQUE 9;COPORAQUE 9;RIFA-72,GREENEX S.A.C.;HUDBAY PERU S.A.C.;MAXY GOLD PERU S.A.C.,NO IDENTIFICADO,---,---,35,2
PUCAMOCCO,RESIDUO MINERO,DESMONTE DE MINA,APURIMAC,CUSCO,ESPINAR,COPORAQUE,-14.81497748,-71.54161825,010003815;010491508;010159694,COPORAQUE 9;COPORAQUE 9;RIFA-72,GREENEX S.A.C.;HUDBAY PERU S.A.C.;MAXY GOLD PERU S.A.C.,NO IDENTIFICADO,---,---,24,1
PUCAMOCCO,LABOR MINERA,TRINCHERA,APURIMAC,CUSCO,ESPINAR,COPORAQUE,-14.81627105,-71.54063977,010003815;010491508;010159694,COPORAQUE 9;COPORAQUE 9;RIFA-72,GREENEX S.A.C.;HUDBAY PERU S.A.C.;MAXY GOLD PERU S.A.C.,NO IDENTIFICADO,---,---,39,3
PUCAMOCCO,LABOR MINERA,PIQUE,APURIMAC,CUSCO,ESPINAR,COPORAQUE,-14.81634826,-71.54264640,010003815;010491508;010159694,COPORAQUE 9;COPORAQUE 9;RIFA-72,GREENEX S.A.C.;HUDBAY PERU S.A.C.;MAXY GOLD PERU S.A.C.,NO IDENTIFICADO,---,---,47,3
TAMBOMATE,LABOR MINERA,PIQUE,APURIMAC,CUSCO,ESPINAR,COPORAQUE,-14.82097344,-71.52377544,---,---,---,NO IDENTIFICADO,---,---,33,2
QUECHUA,LABOR MINERA,TAJO,APURIMAC,CUSCO,ESPINAR,ESPINAR,-14.98300572,-71.30149045,010001209U,QUECHUA,COMPAÑIA MINERA QUECHUA S.A.,NO IDENTIFICADO,---,---,47,3
QUECHUA,LABOR MINERA,TRINCHERA,APURIMAC,CUSCO,ESPINAR,ESPINAR,-14.98145173,-71.30238468,010000681U;010001209U;05003801X01,QUECHUA;QUECHUA;QUECHUA D,"BHP TINTAYA S.A.;COMPAÑIA MINERA QUECHUA S.A.;MITSUI MINING & SMELTING CO., LTD SUCURSAL DEL PERU;OIKAWA SATO, JUNNOSUKE",NO IDENTIFICADO,---,---,33,2
QUECHUA,LABOR MINERA,PLATAFORMA,APURIMAC,CUSCO,ESPINAR,ESPINAR,-14.98061399,-71.29855577,010000681U;010001209U;05003801X01,QUECHUA;QUECHUA;QUECHUA D,"BHP TINTAYA S.A.;COMPAÑIA MINERA QUECHUA S.A.;MITSUI MINING & SMELTING CO., LTD SUCURSAL DEL PERU;OIKAWA SATO, JUNNOSUKE",NO IDENTIFICADO,---,---,31,2
QUECHUA,RESIDUO MINERO,DESMONTE DE MINA,APURIMAC,CUSCO,ESPINAR,ESPINAR,-14.98057517,-71.30329545,010000681U;010001209U;05003801X01,QUECHUA;QUECHUA;QUECHUA D,"BHP TINTAYA S.A.;COMPAÑIA MINERA QUECHUA S.A.;MITSUI MINING & SMELTING CO., LTD SUCURSAL DEL PERU;OIKAWA SATO, JUNNOSUKE",NO IDENTIFICADO,---,---,41,3
RAYMONDI,LABOR MINERA,TRINCHERA,APURIMAC,CUSCO,ESPINAR,PALLPATA,-15.26522365,-71.07793292,010003283U;05005241X01,ANTONIO RAYMONDI;ANTONIO RAYMONDI Nº 4,S.M.R.L. ANTONIO RAYMONDI CUSCO,NO IDENTIFICADO,---,---,35,2
SAN MIGUEL 1,LABOR MINERA,BOCAMINA,APURIMAC,CUSCO,ESPINAR,SUYCKUTAMBO,-15.04585822,-71.81033433,10049402,DELI 3,MINERA BARRICK MISQUICHILCA S.A.,IDENTIFICADO,---,---,45,3
LOS ANDES S.A. (SUYCKUTAMBO),LABOR MINERA,BOCAMINA,APURIMAC,CUSCO,ESPINAR,SUYCKUTAMBO,-15.07489240,-71.75021178,050009206;010062401;05000113X01,DANIELA ROSA 2;SANTA URSULA Nº 2;SANTA URSULA Nº 2,"BREXIA GOLDPLATA PERU S.A.C.;DELAITRE JUILLAND, ANNE MARIE;GOLDPLATA RESOURCES PERU S.A.C.;HANCCO CHIHUANHUAYLLA, DAMIAN ADOLFO;JUILLAND COVRIG, PAUL GEORGES;TORRES MALLMA, HILDA",NO IDENTIFICADO,AUPLATA MINING GROUP,Estudio de Impacto Ambiental del Proyecto de Explotación Suyckutambo,41,3
LOS ANDES S.A. (SUYCKUTAMBO),RESIDUO MINERO,RELAVES,APURIMAC,CUSCO,ESPINAR,SUYCKUTAMBO,-15.07247963,-71.75031090,050015307;010065101,CESIA IV;SANTA URSULA Nº 11,"BREXIA GOLDPLATA PERU S.A.C.;DELAITRE JUILLAND, ANNE MARIE;GOLDPLATA RESOURCES PERU S.A.C.;HANCCO CHIHUANHUAYLLA, DAMIAN ADOLFO;JUILLAND COVRIG, PAUL GEORGES",NO IDENTIFICADO,---,---,33,2
LOS ANDES S.A. (SUYCKUTAMBO),RESIDUO MINERO,DESMONTE DE MINA,APURIMAC,CUSCO,ESPINAR,SUYCKUTAMBO,-15.07306019,-71.75382277,05000072X02,AMPLIACION NUEVA CORONA,"BREXIA GOLDPLATA PERU S.A.C.;DELAITRE JUILLAND, ANNE MARIE;GOLDPLATA RESOURCES PERU S.A.C.;JUILLAND COVRIG, PAUL GEORGES",NO IDENTIFICADO,---,---,43,3
LOS ANDES S.A. (SUYCKUTAMBO),LABOR MINERA,BOCAMINA,APURIMAC,CUSCO,ESPINAR,SUYCKUTAMBO,-15.07425992,-71.75246247,50009206,DANIELA ROSA 2,"HANCCO CHIHUANHUAYLLA, DAMIAN ADOLFO",NO IDENTIFICADO,AUPLATA MINING GROUP,Estudio de Impacto Ambiental del Proyecto de Explotación Suyckutambo,51,4
LOS ANDES S.A. (SUYCKUTAMBO),RESIDUO MINERO,RELAVES,APURIMAC,CUSCO,ESPINAR,SUYCKUTAMBO,-15.06676271,-71.74431633,050015307;010065101,CESIA IV;SANTA URSULA Nº 11,"BREXIA GOLDPLATA PERU S.A.C.;DELAITRE JUILLAND, ANNE MARIE;GOLDPLATA RESOURCES PERU S.A.C.;HANCCO CHIHUANHUAYLLA, DAMIAN ADOLFO;JUILLAND COVRIG, PAUL GEORGES",NO IDENTIFICADO,---,---,41,3
LOS ANDES S.A. (SUYCKUTAMBO),INFRAESTRUCTURA,PLANTAS DE PROCESAMIENTO,APURIMAC,CUSCO,ESPINAR,SUYCKUTAMBO,-15.06891561,-71.74703030,050015307;010065101,CESIA IV;SANTA URSULA Nº 11,"BREXIA GOLDPLATA PERU S.A.C.;DELAITRE JUILLAND, ANNE MARIE;GOLDPLATA RESOURCES PERU S.A.C.;HANCCO CHIHUANHUAYLLA, DAMIAN ADOLFO;JUILLAND COVRIG, PAUL GEORGES",NO IDENTIFICADO,AUPLATA MINING GROUP,Estudio de Impacto Ambiental del Proyecto de Explotación Suyckutambo,35,2
LOS ANDES S.A. (SUYCKUTAMBO),LABOR MINERA,TRINCHERA,APURIMAC,CUSCO,ESPINAR,SUYCKUTAMBO,-15.07305263,-71.75370183,05000072X02,AMPLIACION NUEVA CORONA,"BREXIA GOLDPLATA PERU S.A.C.;DELAITRE JUILLAND, ANNE MARIE;GOLDPLATA RESOURCES PERU S.A.C.;JUILLAND COVRIG, PAUL GEORGES",NO IDENTIFICADO,---,---,43,3
LOS ANDES S.A. (SUYCKUTAMBO),RESIDUO MINERO,DESMONTE DE MINA,APURIMAC,CUSCO,ESPINAR,SUYCKUTAMBO,-15.07478991,-71.75047074,050009206;010062401;05000113X01,DANIELA ROSA 2;SANTA URSULA Nº 2;SANTA URSULA Nº 2,"BREXIA GOLDPLATA PERU S.A.C.;DELAITRE JUILLAND, ANNE MARIE;GOLDPLATA RESOURCES PERU S.A.C.;HANCCO CHIHUANHUAYLLA, DAMIAN ADOLFO;JUILLAND COVRIG, PAUL GEORGES;TORRES MALLMA, HILDA",NO IDENTIFICADO,---,---,25,1
LOS ANDES S.A. (SUYCKUTAMBO),RESIDUO MINERO,DESMONTE DE MINA,APURIMAC,CUSCO,ESPINAR,SUYCKUTAMBO,-15.07455342,-71.75060713,050009206;010062401;05000113X01,DANIELA ROSA 2;SANTA URSULA Nº 2;SANTA URSULA Nº 2,"BREXIA GOLDPLATA PERU S.A.C.;DELAITRE JUILLAND, ANNE MARIE;GOLDPLATA RESOURCES PERU S.A.C.;HANCCO CHIHUANHUAYLLA, DAMIAN ADOLFO;JUILLAND COVRIG, PAUL GEORGES;TORRES MALLMA, HILDA",NO IDENTIFICADO,---,---,33,2
LOS ANDES S.A. (SUYCKUTAMBO),LABOR MINERA,BOCAMINA,APURIMAC,CUSCO,ESPINAR,SUYCKUTAMBO,-15.07454269,-71.75000278,050009206;010062401;05000113X01,DANIELA ROSA 2;SANTA URSULA Nº 2;SANTA URSULA Nº 2,"BREXIA GOLDPLATA PERU S.A.C.;DELAITRE JUILLAND, ANNE MARIE;GOLDPLATA RESOURCES PERU S.A.C.;HANCCO CHIHUANHUAYLLA, DAMIAN ADOLFO;JUILLAND COVRIG, PAUL GEORGES;TORRES MALLMA, HILDA",NO IDENTIFICADO,---,---,35,2
LOS ANDES S.A. (SUYCKUTAMBO),LABOR MINERA,BOCAMINA,APURIMAC,CUSCO,ESPINAR,SUYCKUTAMBO,-15.07460139,-71.75037536,050009206;010062401;05000113X01,DANIELA ROSA 2;SANTA URSULA Nº 2;SANTA URSULA Nº 2,"BREXIA GOLDPLATA PERU S.A.C.;DELAITRE JUILLAND, ANNE MARIE;GOLDPLATA RESOURCES PERU S.A.C.;HANCCO CHIHUANHUAYLLA, DAMIAN ADOLFO;JUILLAND COVRIG, PAUL GEORGES;TORRES MALLMA, HILDA",NO IDENTIFICADO,AUPLATA MINING GROUP,Estudio de Impacto Ambiental del Proyecto de Explotación Suyckutambo,39,3
LOS ANDES S.A. (SUYCKUTAMBO),LABOR MINERA,BOCAMINA,APURIMAC,CUSCO,ESPINAR,SUYCKUTAMBO,-15.07424423,-71.75077977,050009206;010062401;05000113X01,DANIELA ROSA 2;SANTA URSULA Nº 2;SANTA URSULA Nº 2,"BREXIA GOLDPLATA PERU S.A.C.;DELAITRE JUILLAND, ANNE MARIE;GOLDPLATA RESOURCES PERU S.A.C.;HANCCO CHIHUANHUAYLLA, DAMIAN ADOLFO;JUILLAND COVRIG, PAUL GEORGES;TORRES MALLMA, HILDA",NO IDENTIFICADO,---,---,43,3
SAN MIGUEL 1,INFRAESTRUCTURA,OTROS,APURIMAC,CUSCO,ESPINAR,SUYCKUTAMBO,-15.04320422,-71.81314343,10049402,DELI 3,MINERA BARRICK MISQUICHILCA S.A.,IDENTIFICADO,---,---,27,2
SAN MIGUEL 1,LABOR MINERA,TRINCHERA,APURIMAC,CUSCO,ESPINAR,SUYCKUTAMBO,-15.04251988,-71.81297646,10049402,DELI 3,MINERA BARRICK MISQUICHILCA S.A.,IDENTIFICADO,---,---,51,4
SAN MIGUEL 1,LABOR MINERA,TRINCHERA,APURIMAC,CUSCO,ESPINAR,SUYCKUTAMBO,-15.04442119,-71.81114264,10049402,DELI 3,MINERA BARRICK MISQUICHILCA S.A.,IDENTIFICADO,---,---,39,3
SAN MIGUEL 1,LABOR MINERA,TRINCHERA,APURIMAC,CUSCO,ESPINAR,SUYCKUTAMBO,-15.04509999,-71.81321478,10049402,DELI 3,MINERA BARRICK MISQUICHILCA S.A.,IDENTIFICADO,---,---,29,2
SAN MIGUEL 1,LABOR MINERA,TRINCHERA,APURIMAC,CUSCO,ESPINAR,SUYCKUTAMBO,-15.04872888,-71.81554875,10049402,DELI 3,MINERA BARRICK MISQUICHILCA S.A.,IDENTIFICADO,---,---,37,2
SAN MIGUEL 1,LABOR MINERA,BOCAMINA,APURIMAC,CUSCO,ESPINAR,SUYCKUTAMBO,-15.04534491,-71.81240014,10049402,DELI 3,MINERA BARRICK MISQUICHILCA S.A.,IDENTIFICADO,---,---,31,2
SAN MIGUEL 1,LABOR MINERA,BOCAMINA,APURIMAC,CUSCO,ESPINAR,SUYCKUTAMBO,-15.04651764,-71.81178354,10049402,DELI 3,MINERA BARRICK MISQUICHILCA S.A.,IDENTIFICADO,---,---,37,2
SAN MIGUEL 1,LABOR MINERA,PIQUE,APURIMAC,CUSCO,ESPINAR,SUYCKUTAMBO,-15.04294868,-71.81262892,10049402,DELI 3,MINERA BARRICK MISQUICHILCA S.A.,IDENTIFICADO,---,---,51,4
SAN MIGUEL 1,PRODUCTO QUIMICO,ACEITES Y COMBUSTIBLES,APURIMAC,CUSCO,ESPINAR,SUYCKUTAMBO,-15.04531437,-71.81267855,10049402,DELI 3,MINERA BARRICK MISQUICHILCA S.A.,IDENTIFICADO,---,---,31,2
SAN MIGUEL 1,RESIDUO MINERO,RELAVES,APURIMAC,CUSCO,ESPINAR,SUYCKUTAMBO,-15.04483265,-71.81292316,10049402,DELI 3,MINERA BARRICK MISQUICHILCA S.A.,IDENTIFICADO,---,---,35,2
SAN MIGUEL 1,RESIDUO MINERO,DESMONTE DE MINA,APURIMAC,CUSCO,ESPINAR,SUYCKUTAMBO,-15.04285365,-71.81300872,10049402,DELI 3,MINERA BARRICK MISQUICHILCA S.A.,IDENTIFICADO,---,---,41,3
SAN MIGUEL 1,RESIDUO MINERO,DESMONTE DE MINA,APURIMAC,CUSCO,ESPINAR,SUYCKUTAMBO,-15.04872819,-71.81560450,10049402,DELI 3,MINERA BARRICK MISQUICHILCA S.A.,IDENTIFICADO,---,---,41,3
LOS ANDES S.A. (SUYCKUTAMBO),LABOR MINERA,BOCAMINA,APURIMAC,CUSCO,ESPINAR,SUYCKUTAMBO,-15.07512156,-71.75216680,---,---,---,NO IDENTIFICADO,---,---,31,2
LOS ANDES S.A. (SUYCKUTAMBO),LABOR MINERA,BOCAMINA,APURIMAC,CUSCO,ESPINAR,SUYCKUTAMBO,-15.07508442,-71.75224999,---,---,---,NO IDENTIFICADO,---,---,31,2
LOS ANDES S.A. (SUYCKUTAMBO),LABOR MINERA,BOCAMINA,APURIMAC,CUSCO,ESPINAR,SUYCKUTAMBO,-15.07458649,-71.75234583,---,---,---,NO IDENTIFICADO,---,---,35,2
HUAYCCO,RESIDUO MINERO,DESMONTE DE MINA,APURIMAC,CUSCO,PARURO,PACCARITAMBO,-13.72301532,-71.92312021,10342908,JRD 1,"HUAMANI PALOMINO, JOHN FREDDY;RUBINI DIBOS, AUGUSTO;S.M.R.L. JRD 1",NO IDENTIFICADO,---,---,25,1
HUAYCCO,LABOR MINERA,BOCAMINA,APURIMAC,CUSCO,PARURO,PACCARITAMBO,-13.72303415,-71.92305577,10342908,JRD 1,"HUAMANI PALOMINO, JOHN FREDDY;RUBINI DIBOS, AUGUSTO;S.M.R.L. JRD 1",NO IDENTIFICADO,---,---,27,2
HUAYCCO,LABOR MINERA,BOCAMINA,APURIMAC,CUSCO,PARURO,PACCARITAMBO,-13.72324283,-71.92297521,10342908,JRD 1,"HUAMANI PALOMINO, JOHN FREDDY;RUBINI DIBOS, AUGUSTO;S.M.R.L. JRD 1",NO IDENTIFICADO,---,---,39,3
HUAYCCO,LABOR MINERA,TRINCHERA,APURIMAC,CUSCO,PARURO,PACCARITAMBO,-13.71848515,-71.88208298,---,---,---,NO IDENTIFICADO,---,---,29,2
NUEVA ESPERANZA 2,LABOR MINERA,BOCAMINA,URUBAMBA,CUSCO,PAUCARTAMBO,HUANCARANI,-13.49292226,-71.66113592,010223214;010226595;040006214;040008114;010212309;040007314,AMANDA Y ALEX;HUANCARANI 1;MINERA CHILIFORTE;MINERIA NUEVA ESPERANZA;PAOMATYS 2;SAN JOSE DE ORURO,"BUSTILLOS TITO, JUAN TEODORO;CAPALI LUJAN, NESTOR AURELIO;COMUNIDAD CAMPESINA DE HUANCARANI;COMUNIDAD CAMPESINA NUEVA ESPERANZA;FUNDENTE COPELAS Y CRISOLES S.A.C.;LEON VIACROZE, JOSE ALBERTO;MINERA EL CHALINO S.R.L.;S.M.R.L. PAOMATYS 2;SURCO HUAMAN, RUTH",NO IDENTIFICADO,---,---,24,1
NUEVA ESPERANZA 2,LABOR MINERA,BOCAMINA,URUBAMBA,CUSCO,PAUCARTAMBO,HUANCARANI,-13.49289644,-71.66101563,010223214;010226595;040006214;040008114;010212309;040007314,AMANDA Y ALEX;HUANCARANI 1;MINERA CHILIFORTE;MINERIA NUEVA ESPERANZA;PAOMATYS 2;SAN JOSE DE ORURO,"BUSTILLOS TITO, JUAN TEODORO;CAPALI LUJAN, NESTOR AURELIO;COMUNIDAD CAMPESINA DE HUANCARANI;COMUNIDAD CAMPESINA NUEVA ESPERANZA;FUNDENTE COPELAS Y CRISOLES S.A.C.;LEON VIACROZE, JOSE ALBERTO;MINERA EL CHALINO S.R.L.;S.M.R.L. PAOMATYS 2;SURCO HUAMAN, RUTH",NO IDENTIFICADO,---,---,35,2
NUEVA ESPERANZA 2,LABOR MINERA,BOCAMINA,URUBAMBA,CUSCO,PAUCARTAMBO,HUANCARANI,-13.49289693,-71.66096948,010226595;010212309,HUANCARANI 1;PAOMATYS 2,"BUSTILLOS TITO, JUAN TEODORO;CAPALI LUJAN, NESTOR AURELIO;FUNDENTE COPELAS Y CRISOLES S.A.C.;LEON VIACROZE, JOSE ALBERTO;S.M.R.L. PAOMATYS 2",NO IDENTIFICADO,---,---,27,2
NUEVA ESPERANZA 2,LABOR MINERA,BOCAMINA,URUBAMBA,CUSCO,PAUCARTAMBO,HUANCARANI,-13.49298843,-71.66085972,010226595;010212309,HUANCARANI 1;PAOMATYS 2,"BUSTILLOS TITO, JUAN TEODORO;CAPALI LUJAN, NESTOR AURELIO;FUNDENTE COPELAS Y CRISOLES S.A.C.;LEON VIACROZE, JOSE ALBERTO;S.M.R.L. PAOMATYS 2",NO IDENTIFICADO,---,---,25,1
NUEVA ESPERANZA 2,LABOR MINERA,BOCAMINA,URUBAMBA,CUSCO,PAUCARTAMBO,HUANCARANI,-13.49302681,-71.66064782,010226595;010212309,HUANCARANI 1;PAOMATYS 2,"BUSTILLOS TITO, JUAN TEODORO;CAPALI LUJAN, NESTOR AURELIO;FUNDENTE COPELAS Y CRISOLES S.A.C.;LEON VIACROZE, JOSE ALBERTO;S.M.R.L. PAOMATYS 2",NO IDENTIFICADO,---,---,45,3
NUEVA ESPERANZA 2,LABOR MINERA,PIQUE,URUBAMBA,CUSCO,PAUCARTAMBO,HUANCARANI,-13.49294562,-71.66063769,010226595;010212309,HUANCARANI 1;PAOMATYS 2,"BUSTILLOS TITO, JUAN TEODORO;CAPALI LUJAN, NESTOR AURELIO;FUNDENTE COPELAS Y CRISOLES S.A.C.;LEON VIACROZE, JOSE ALBERTO;S.M.R.L. PAOMATYS 2",NO IDENTIFICADO,---,---,33,2
SACHANI,LABOR MINERA,BOCAMINA,YAVERO,CUSCO,QUISPICANCHI,OCONGATE,-13.63643378,-71.43351592,580005110,MINERA YAFAEL CONSORCIO,"HUALLA HUILLCA, PABLO",NO IDENTIFICADO,---,---,31,2
MAYUTINCCO,LABOR MINERA,BOCAMINA,YAVERO,CUSCO,QUISPICANCHI,OCONGATE,-13.63320594,-71.41431365,010238004;040005697;580005110,CREACION DORADA;MARQUEZ;MINERA YAFAEL CONSORCIO,"CHOQUE ACHAHUANCO, ANTONIO;CHOQUE ACHAHUANCO, FELICIANO;FLORES LLOCLLE, MARCOS EVANGELINO;HUALLA HUILLCA, PABLO",NO IDENTIFICADO,---,---,39,3
MAYUTINCCO,LABOR MINERA,BOCAMINA,YAVERO,CUSCO,QUISPICANCHI,OCONGATE,-13.63376256,-71.41467959,010238004;040005697;580005110,CREACION DORADA;MARQUEZ;MINERA YAFAEL CONSORCIO,"CHOQUE ACHAHUANCO, ANTONIO;CHOQUE ACHAHUANCO, FELICIANO;FLORES LLOCLLE, MARCOS EVANGELINO;HUALLA HUILLCA, PABLO",NO IDENTIFICADO,---,---,33,2
SACHANI,RESIDUO MINERO,DESMONTE DE MINA,YAVERO,CUSCO,QUISPICANCHI,OCONGATE,-13.63643378,-71.43351592,580005110,MINERA YAFAEL CONSORCIO,"HUALLA HUILLCA, PABLO",NO IDENTIFICADO,---,---,33,2
SACHANI,INFRAESTRUCTURA,"CAMPAMENTOS, OFICINAS, TALLERES",YAVERO,CUSCO,QUISPICANCHI,OCONGATE,-13.63684294,-71.43325220,580005110,MINERA YAFAEL CONSORCIO,"HUALLA HUILLCA, PABLO",NO IDENTIFICADO,---,---,22,1
